,unix,tether_dominance
0,1427673600,100.0
1,1427760000,100.0
2,1427846400,100.0
3,1427932800,100.0
4,1428019200,100.0
5,1428105600,100.0
6,1428192000,100.0
7,1428278400,100.0
8,1428364800,100.0
9,1428451200,100.0
10,1428537600,100.0
11,1428624000,100.0
12,1428710400,100.0
13,1428796800,100.0
14,1428883200,100.0
15,1428969600,100.0
16,1429056000,100.0
17,1429142400,100.0
18,1429228800,100.0
19,1429315200,100.0
20,1429401600,100.0
21,1429488000,100.0
22,1429574400,100.0
23,1429660800,100.0
24,1429747200,100.0
25,1429833600,100.0
26,1429920000,100.0
27,1430006400,100.0
28,1430092800,100.0
29,1430179200,100.0
30,1430265600,100.0
31,1430352000,100.0
32,1430438400,100.0
33,1430524800,100.0
34,1430611200,100.0
35,1430697600,100.0
36,1430784000,100.0
37,1430870400,100.0
38,1430956800,100.0
39,1431043200,100.0
40,1431129600,100.0
41,1431216000,100.0
42,1431302400,100.0
43,1431388800,100.0
44,1431475200,100.0
45,1431561600,100.0
46,1431648000,100.0
47,1431734400,100.0
48,1431820800,100.0
49,1431907200,100.0
50,1431993600,100.0
51,1432080000,100.0
52,1432166400,100.0
53,1432252800,100.0
54,1432339200,100.0
55,1432425600,100.0
56,1432512000,100.0
57,1432598400,100.0
58,1432684800,100.0
59,1432771200,100.0
60,1432857600,100.0
61,1432944000,100.0
62,1433030400,100.0
63,1433116800,100.0
64,1433203200,100.0
65,1433289600,100.0
66,1433376000,100.0
67,1433462400,100.0
68,1433548800,100.0
69,1433635200,100.0
70,1433721600,100.0
71,1433808000,100.0
72,1433894400,100.0
73,1433980800,100.0
74,1434067200,100.0
75,1434153600,100.0
76,1434240000,100.0
77,1434326400,100.0
78,1434412800,100.0
79,1434499200,100.0
80,1434585600,100.0
81,1434672000,100.0
82,1434758400,100.0
83,1434844800,100.0
84,1434931200,100.0
85,1435017600,100.0
86,1435104000,100.0
87,1435190400,100.0
88,1435276800,100.0
89,1435363200,100.0
90,1435449600,100.0
91,1435536000,100.0
92,1435622400,100.0
93,1435708800,100.0
94,1435795200,100.0
95,1435881600,100.0
96,1435968000,100.0
97,1436054400,100.0
98,1436140800,100.0
99,1436227200,100.0
100,1436313600,100.0
101,1436400000,100.0
102,1436486400,100.0
103,1436572800,100.0
104,1436659200,100.0
105,1436745600,100.0
106,1436832000,100.0
107,1436918400,100.0
108,1437004800,100.0
109,1437091200,100.0
110,1437177600,100.0
111,1437264000,100.0
112,1437350400,100.0
113,1437436800,100.0
114,1437523200,100.0
115,1437609600,100.0
116,1437696000,100.0
117,1437782400,100.0
118,1437868800,100.0
119,1437955200,100.0
120,1438041600,100.0
121,1438128000,100.0
122,1438214400,100.0
123,1438300800,100.0
124,1438387200,100.0
125,1438473600,100.0
126,1438560000,100.0
127,1438646400,100.0
128,1438732800,100.0
129,1438819200,100.0
130,1438905600,100.0
131,1438992000,100.0
132,1439078400,100.0
133,1439164800,100.0
134,1439251200,100.0
135,1439337600,100.0
136,1439424000,100.0
137,1439510400,100.0
138,1439596800,100.0
139,1439683200,100.0
140,1439769600,100.0
141,1439856000,100.0
142,1439942400,100.0
143,1440028800,100.0
144,1440115200,100.0
145,1440201600,100.0
146,1440288000,100.0
147,1440374400,100.0
148,1440460800,100.0
149,1440547200,100.0
150,1440633600,100.0
151,1440720000,100.0
152,1440806400,100.0
153,1440892800,100.0
154,1440979200,100.0
155,1441065600,100.0
156,1441152000,100.0
157,1441238400,100.0
158,1441324800,100.0
159,1441411200,100.0
160,1441497600,100.0
161,1441584000,100.0
162,1441670400,100.0
163,1441756800,100.0
164,1441843200,100.0
165,1441929600,100.0
166,1442016000,100.0
167,1442102400,100.0
168,1442188800,100.0
169,1442275200,100.0
170,1442361600,100.0
171,1442448000,100.0
172,1442534400,100.0
173,1442620800,100.0
174,1442707200,100.0
175,1442793600,100.0
176,1442880000,100.0
177,1442966400,100.0
178,1443052800,100.0
179,1443139200,100.0
180,1443225600,100.0
181,1443312000,100.0
182,1443398400,100.0
183,1443484800,100.0
184,1443571200,100.0
185,1443657600,100.0
186,1443744000,100.0
187,1443830400,100.0
188,1443916800,100.0
189,1444003200,100.0
190,1444089600,100.0
191,1444176000,100.0
192,1444262400,100.0
193,1444348800,100.0
194,1444435200,100.0
195,1444521600,100.0
196,1444608000,100.0
197,1444694400,100.0
198,1444780800,100.0
199,1444867200,100.0
200,1444953600,100.0
201,1445040000,100.0
202,1445126400,100.0
203,1445212800,100.0
204,1445299200,100.0
205,1445385600,100.0
206,1445472000,100.0
207,1445558400,100.0
208,1445644800,100.0
209,1445731200,100.0
210,1445817600,100.0
211,1445904000,100.0
212,1445990400,100.0
213,1446076800,100.0
214,1446163200,100.0
215,1446249600,100.0
216,1446336000,100.0
217,1446422400,100.0
218,1446508800,100.0
219,1446595200,100.0
220,1446681600,100.0
221,1446768000,100.0
222,1446854400,100.0
223,1446940800,100.0
224,1447027200,100.0
225,1447113600,100.0
226,1447200000,100.0
227,1447286400,100.0
228,1447372800,100.0
229,1447459200,100.0
230,1447545600,100.0
231,1447632000,100.0
232,1447718400,100.0
233,1447804800,100.0
234,1447891200,100.0
235,1447977600,100.0
236,1448064000,100.0
237,1448150400,100.0
238,1448236800,100.0
239,1448323200,100.0
240,1448409600,100.0
241,1448496000,100.0
242,1448582400,100.0
243,1448668800,100.0
244,1448755200,100.0
245,1448841600,100.0
246,1448928000,100.0
247,1449014400,100.0
248,1449100800,100.0
249,1449187200,100.0
250,1449273600,100.0
251,1449360000,100.0
252,1449446400,100.0
253,1449532800,100.0
254,1449619200,100.0
255,1449705600,100.0
256,1449792000,100.0
257,1449878400,100.0
258,1449964800,100.0
259,1450051200,100.0
260,1450137600,100.0
261,1450224000,100.0
262,1450310400,100.0
263,1450396800,100.0
264,1450483200,100.0
265,1450569600,100.0
266,1450656000,100.0
267,1450742400,100.0
268,1450828800,100.0
269,1450915200,100.0
270,1451001600,100.0
271,1451088000,100.0
272,1451174400,100.0
273,1451260800,100.0
274,1451347200,100.0
275,1451433600,100.0
276,1451520000,100.0
277,1451606400,100.0
278,1451692800,100.0
279,1451779200,100.0
280,1451865600,100.0
281,1451952000,100.0
282,1452038400,100.0
283,1452124800,100.0
284,1452211200,100.0
285,1452297600,100.0
286,1452384000,100.0
287,1452470400,100.0
288,1452556800,100.0
289,1452643200,100.0
290,1452729600,100.0
291,1452816000,100.0
292,1452902400,100.0
293,1452988800,100.0
294,1453075200,100.0
295,1453161600,100.0
296,1453248000,100.0
297,1453334400,100.0
298,1453420800,100.0
299,1453507200,100.0
300,1453593600,100.0
301,1453680000,100.0
302,1453766400,100.0
303,1453852800,100.0
304,1453939200,100.0
305,1454025600,100.0
306,1454112000,100.0
307,1454198400,100.0
308,1454284800,100.0
309,1454371200,100.0
310,1454457600,100.0
311,1454544000,100.0
312,1454630400,100.0
313,1454716800,100.0
314,1454803200,100.0
315,1454889600,100.0
316,1454976000,100.0
317,1455062400,100.0
318,1455148800,100.0
319,1455235200,100.0
320,1455321600,100.0
321,1455408000,100.0
322,1455494400,100.0
323,1455580800,100.0
324,1455667200,100.0
325,1455753600,100.0
326,1455840000,100.0
327,1455926400,100.0
328,1456012800,100.0
329,1456099200,100.0
330,1456185600,100.0
331,1456272000,100.0
332,1456358400,100.0
333,1456444800,100.0
334,1456531200,100.0
335,1456617600,100.0
336,1456704000,100.0
337,1456790400,100.0
338,1456876800,100.0
339,1456963200,100.0
340,1457049600,100.0
341,1457136000,100.0
342,1457222400,100.0
343,1457308800,100.0
344,1457395200,100.0
345,1457481600,100.0
346,1457568000,100.0
347,1457654400,100.0
348,1457740800,100.0
349,1457827200,100.0
350,1457913600,100.0
351,1458000000,100.0
352,1458086400,100.0
353,1458172800,100.0
354,1458259200,100.0
355,1458345600,100.0
356,1458432000,100.0
357,1458518400,100.0
358,1458604800,100.0
359,1458691200,100.0
360,1458777600,100.0
361,1458864000,100.0
362,1458950400,100.0
363,1459036800,100.0
364,1459123200,100.0
365,1459209600,100.0
366,1459296000,100.0
367,1459382400,100.0
368,1459468800,100.0
369,1459555200,100.0
370,1459641600,100.0
371,1459728000,100.0
372,1459814400,100.0
373,1459900800,100.0
374,1459987200,100.0
375,1460073600,100.0
376,1460160000,100.0
377,1460246400,100.0
378,1460332800,100.0
379,1460419200,100.0
380,1460505600,100.0
381,1460592000,100.0
382,1460678400,100.0
383,1460764800,100.0
384,1460851200,100.0
385,1460937600,100.0
386,1461024000,100.0
387,1461110400,100.0
388,1461196800,100.0
389,1461283200,100.0
390,1461369600,100.0
391,1461456000,100.0
392,1461542400,100.0
393,1461628800,100.0
394,1461715200,100.0
395,1461801600,100.0
396,1461888000,100.0
397,1461974400,100.0
398,1462060800,100.0
399,1462147200,100.0
400,1462233600,100.0
401,1462320000,100.0
402,1462406400,100.0
403,1462492800,100.0
404,1462579200,100.0
405,1462665600,100.0
406,1462752000,100.0
407,1462838400,100.0
408,1462924800,100.0
409,1463011200,100.0
410,1463097600,100.0
411,1463184000,100.0
412,1463270400,100.0
413,1463356800,100.0
414,1463443200,100.0
415,1463529600,100.0
416,1463616000,100.0
417,1463702400,100.0
418,1463788800,100.0
419,1463875200,100.0
420,1463961600,100.0
421,1464048000,100.0
422,1464134400,100.0
423,1464220800,100.0
424,1464307200,100.0
425,1464393600,100.0
426,1464480000,100.0
427,1464566400,100.0
428,1464652800,100.0
429,1464739200,100.0
430,1464825600,100.0
431,1464912000,100.0
432,1464998400,100.0
433,1465084800,100.0
434,1465171200,100.0
435,1465257600,100.0
436,1465344000,100.0
437,1465430400,100.0
438,1465516800,100.0
439,1465603200,100.0
440,1465689600,100.0
441,1465776000,100.0
442,1465862400,100.0
443,1465948800,100.0
444,1466035200,100.0
445,1466121600,100.0
446,1466208000,100.0
447,1466294400,100.0
448,1466380800,100.0
449,1466467200,100.0
450,1466553600,100.0
451,1466640000,100.0
452,1466726400,100.0
453,1466812800,100.0
454,1466899200,100.0
455,1466985600,100.0
456,1467072000,100.0
457,1467158400,100.0
458,1467244800,100.0
459,1467331200,100.0
460,1467417600,100.0
461,1467504000,100.0
462,1467590400,100.0
463,1467676800,100.0
464,1467763200,100.0
465,1467849600,100.0
466,1467936000,100.0
467,1468022400,100.0
468,1468108800,100.0
469,1468195200,100.0
470,1468281600,100.0
471,1468368000,100.0
472,1468454400,100.0
473,1468540800,100.0
474,1468627200,100.0
475,1468713600,100.0
476,1468800000,100.0
477,1468886400,100.0
478,1468972800,100.0
479,1469059200,100.0
480,1469145600,100.0
481,1469232000,100.0
482,1469318400,100.0
483,1469404800,100.0
484,1469491200,100.0
485,1469577600,100.0
486,1469664000,100.0
487,1469750400,100.0
488,1469836800,100.0
489,1469923200,100.0
490,1470009600,100.0
491,1470096000,100.0
492,1470182400,100.0
493,1470268800,100.0
494,1470355200,100.0
495,1470441600,100.0
496,1470528000,100.0
497,1470614400,100.0
498,1470700800,100.0
499,1470787200,100.0
500,1470873600,100.0
501,1470960000,100.0
502,1471046400,100.0
503,1471132800,100.0
504,1471219200,100.0
505,1471305600,100.0
506,1471392000,100.0
507,1471478400,100.0
508,1471564800,100.0
509,1471651200,100.0
510,1471737600,100.0
511,1471824000,100.0
512,1471910400,100.0
513,1471996800,100.0
514,1472083200,100.0
515,1472169600,100.0
516,1472256000,100.0
517,1472342400,100.0
518,1472428800,100.0
519,1472515200,100.0
520,1472601600,100.0
521,1472688000,100.0
522,1472774400,100.0
523,1472860800,100.0
524,1472947200,100.0
525,1473033600,100.0
526,1473120000,100.0
527,1473206400,100.0
528,1473292800,100.0
529,1473379200,100.0
530,1473465600,100.0
531,1473552000,100.0
532,1473638400,100.0
533,1473724800,100.0
534,1473811200,100.0
535,1473897600,100.0
536,1473984000,100.0
537,1474070400,100.0
538,1474156800,100.0
539,1474243200,100.0
540,1474329600,100.0
541,1474416000,100.0
542,1474502400,100.0
543,1474588800,100.0
544,1474675200,100.0
545,1474761600,100.0
546,1474848000,100.0
547,1474934400,100.0
548,1475020800,100.0
549,1475107200,100.0
550,1475193600,100.0
551,1475280000,100.0
552,1475366400,100.0
553,1475452800,100.0
554,1475539200,100.0
555,1475625600,100.0
556,1475712000,100.0
557,1475798400,100.0
558,1475884800,100.0
559,1475971200,100.0
560,1476057600,100.0
561,1476144000,100.0
562,1476230400,100.0
563,1476316800,100.0
564,1476403200,100.0
565,1476489600,100.0
566,1476576000,100.0
567,1476662400,100.0
568,1476748800,100.0
569,1476835200,100.0
570,1476921600,100.0
571,1477008000,100.0
572,1477094400,100.0
573,1477180800,100.0
574,1477267200,100.0
575,1477353600,100.0
576,1477440000,100.0
577,1477526400,100.0
578,1477612800,100.0
579,1477699200,100.0
580,1477785600,100.0
581,1477872000,100.0
582,1477958400,100.0
583,1478044800,100.0
584,1478131200,100.0
585,1478217600,100.0
586,1478304000,100.0
587,1478390400,100.0
588,1478476800,100.0
589,1478563200,100.0
590,1478649600,100.0
591,1478736000,100.0
592,1478822400,100.0
593,1478908800,100.0
594,1478995200,100.0
595,1479081600,100.0
596,1479168000,100.0
597,1479254400,100.0
598,1479340800,100.0
599,1479427200,100.0
600,1479513600,100.0
601,1479600000,100.0
602,1479686400,100.0
603,1479772800,100.0
604,1479859200,100.0
605,1479945600,100.0
606,1480032000,100.0
607,1480118400,100.0
608,1480204800,100.0
609,1480291200,100.0
610,1480377600,100.0
611,1480464000,100.0
612,1480550400,100.0
613,1480636800,100.0
614,1480723200,100.0
615,1480809600,100.0
616,1480896000,100.0
617,1480982400,100.0
618,1481068800,100.0
619,1481155200,100.0
620,1481241600,100.0
621,1481328000,100.0
622,1481414400,100.0
623,1481500800,100.0
624,1481587200,100.0
625,1481673600,100.0
626,1481760000,100.0
627,1481846400,100.0
628,1481932800,100.0
629,1482019200,100.0
630,1482105600,100.0
631,1482192000,100.0
632,1482278400,100.0
633,1482364800,100.0
634,1482451200,100.0
635,1482537600,100.0
636,1482624000,100.0
637,1482710400,100.0
638,1482796800,100.0
639,1482883200,100.0
640,1482969600,100.0
641,1483056000,100.0
642,1483142400,100.0
643,1483228800,100.0
644,1483315200,100.0
645,1483401600,100.0
646,1483488000,100.0
647,1483574400,100.0
648,1483660800,100.0
649,1483747200,100.0
650,1483833600,100.0
651,1483920000,100.0
652,1484006400,100.0
653,1484092800,100.0
654,1484179200,100.0
655,1484265600,100.0
656,1484352000,100.0
657,1484438400,100.0
658,1484524800,100.0
659,1484611200,100.0
660,1484697600,100.0
661,1484784000,100.0
662,1484870400,100.0
663,1484956800,100.0
664,1485043200,100.0
665,1485129600,100.0
666,1485216000,100.0
667,1485302400,100.0
668,1485388800,100.0
669,1485475200,100.0
670,1485561600,100.0
671,1485648000,100.0
672,1485734400,100.0
673,1485820800,100.0
674,1485907200,100.0
675,1485993600,100.0
676,1486080000,100.0
677,1486166400,100.0
678,1486252800,100.0
679,1486339200,100.0
680,1486425600,100.0
681,1486512000,100.0
682,1486598400,100.0
683,1486684800,100.0
684,1486771200,100.0
685,1486857600,100.0
686,1486944000,100.0
687,1487030400,100.0
688,1487116800,100.0
689,1487203200,100.0
690,1487289600,100.0
691,1487376000,100.0
692,1487462400,100.0
693,1487548800,100.0
694,1487635200,100.0
695,1487721600,100.0
696,1487808000,100.0
697,1487894400,100.0
698,1487980800,100.0
699,1488067200,100.0
700,1488153600,100.0
701,1488240000,100.0
702,1488326400,100.0
703,1488412800,100.0
704,1488499200,100.0
705,1488585600,100.0
706,1488672000,100.0
707,1488758400,100.0
708,1488844800,100.0
709,1488931200,100.0
710,1489017600,100.0
711,1489104000,100.0
712,1489190400,100.0
713,1489276800,100.0
714,1489363200,100.0
715,1489449600,100.0
716,1489536000,100.0
717,1489622400,100.0
718,1489708800,100.0
719,1489795200,100.0
720,1489881600,100.0
721,1489968000,100.0
722,1490054400,100.0
723,1490140800,100.0
724,1490227200,100.0
725,1490313600,100.0
726,1490400000,100.0
727,1490486400,100.0
728,1490572800,100.0
729,1490659200,100.0
730,1490745600,100.0
731,1490832000,100.0
732,1490918400,100.0
733,1491004800,100.0
734,1491091200,100.0
735,1491177600,100.0
736,1491264000,100.0
737,1491350400,100.0
738,1491436800,100.0
739,1491523200,100.0
740,1491609600,100.0
741,1491696000,100.0
742,1491782400,100.0
743,1491868800,100.0
744,1491955200,100.0
745,1492041600,100.0
746,1492128000,100.0
747,1492214400,100.0
748,1492300800,100.0
749,1492387200,100.0
750,1492473600,100.0
751,1492560000,100.0
752,1492646400,100.0
753,1492732800,100.0
754,1492819200,100.0
755,1492905600,100.0
756,1492992000,100.0
757,1493078400,100.0
758,1493164800,100.0
759,1493251200,100.0
760,1493337600,100.0
761,1493424000,100.0
762,1493510400,100.0
763,1493596800,100.0
764,1493683200,100.0
765,1493769600,100.0
766,1493856000,100.0
767,1493942400,100.0
768,1494028800,100.0
769,1494115200,100.0
770,1494201600,100.0
771,1494288000,100.0
772,1494374400,100.0
773,1494460800,100.0
774,1494547200,100.0
775,1494633600,100.0
776,1494720000,100.0
777,1494806400,100.0
778,1494892800,100.0
779,1494979200,100.0
780,1495065600,100.0
781,1495152000,100.0
782,1495238400,100.0
783,1495324800,100.0
784,1495411200,100.0
785,1495497600,100.0
786,1495584000,100.0
787,1495670400,100.0
788,1495756800,100.0
789,1495843200,100.0
790,1495929600,100.0
791,1496016000,100.0
792,1496102400,100.0
793,1496188800,100.0
794,1496275200,100.0
795,1496361600,100.0
796,1496448000,100.0
797,1496534400,100.0
798,1496620800,100.0
799,1496707200,100.0
800,1496793600,100.0
801,1496880000,100.0
802,1496966400,100.0
803,1497052800,100.0
804,1497139200,100.0
805,1497225600,100.0
806,1497312000,100.0
807,1497398400,100.0
808,1497484800,100.0
809,1497571200,100.0
810,1497657600,100.0
811,1497744000,100.0
812,1497830400,100.0
813,1497916800,100.0
814,1498003200,100.0
815,1498089600,100.0
816,1498176000,100.0
817,1498262400,100.0
818,1498348800,100.0
819,1498435200,100.0
820,1498521600,100.0
821,1498608000,100.0
822,1498694400,100.0
823,1498780800,100.0
824,1498867200,100.0
825,1498953600,100.0
826,1499040000,100.0
827,1499126400,100.0
828,1499212800,100.0
829,1499299200,100.0
830,1499385600,100.0
831,1499472000,100.0
832,1499558400,100.0
833,1499644800,100.0
834,1499731200,100.0
835,1499817600,100.0
836,1499904000,100.0
837,1499990400,100.0
838,1500076800,100.0
839,1500163200,100.0
840,1500249600,100.0
841,1500336000,100.0
842,1500422400,100.0
843,1500508800,100.0
844,1500595200,100.0
845,1500681600,100.0
846,1500768000,100.0
847,1500854400,100.0
848,1500940800,100.0
849,1501027200,100.0
850,1501113600,100.0
851,1501200000,100.0
852,1501286400,100.0
853,1501372800,100.0
854,1501459200,100.0
855,1501545600,100.0
856,1501632000,100.0
857,1501718400,100.0
858,1501804800,100.0
859,1501891200,100.0
860,1501977600,100.0
861,1502064000,100.0
862,1502150400,100.0
863,1502236800,100.0
864,1502323200,100.0
865,1502409600,100.0
866,1502496000,100.0
867,1502582400,100.0
868,1502668800,100.0
869,1502755200,100.0
870,1502841600,100.0
871,1502928000,100.0
872,1503014400,100.0
873,1503100800,100.0
874,1503187200,100.0
875,1503273600,100.0
876,1503360000,100.0
877,1503446400,100.0
878,1503532800,100.0
879,1503619200,100.0
880,1503705600,100.0
881,1503792000,100.0
882,1503878400,100.0
883,1503964800,100.0
884,1504051200,100.0
885,1504137600,100.0
886,1504224000,100.0
887,1504310400,100.0
888,1504396800,100.0
889,1504483200,100.0
890,1504569600,100.0
891,1504656000,100.0
892,1504742400,100.0
893,1504828800,100.0
894,1504915200,100.0
895,1505001600,100.0
896,1505088000,100.0
897,1505174400,100.0
898,1505260800,100.0
899,1505347200,100.0
900,1505433600,100.0
901,1505520000,100.0
902,1505606400,100.0
903,1505692800,100.0
904,1505779200,100.0
905,1505865600,100.0
906,1505952000,100.0
907,1506038400,100.0
908,1506124800,100.0
909,1506211200,100.0
910,1506297600,100.0
911,1506384000,100.0
912,1506470400,100.0
913,1506556800,100.0
914,1506643200,100.0
915,1506729600,100.0
916,1506816000,100.0
917,1506902400,100.0
918,1506988800,100.0
919,1507075200,100.0
920,1507161600,100.0
921,1507248000,100.0
922,1507334400,100.0
923,1507420800,100.0
924,1507507200,100.0
925,1507593600,100.0
926,1507680000,100.0
927,1507766400,100.0
928,1507852800,100.0
929,1507939200,100.0
930,1508025600,100.0
931,1508112000,100.0
932,1508198400,100.0
933,1508284800,100.0
934,1508371200,100.0
935,1508457600,100.0
936,1508544000,100.0
937,1508630400,100.0
938,1508716800,100.0
939,1508803200,100.0
940,1508889600,100.0
941,1508976000,100.0
942,1509062400,100.0
943,1509148800,100.0
944,1509235200,100.0
945,1509321600,100.0
946,1509408000,100.0
947,1509494400,100.0
948,1509580800,100.0
949,1509667200,100.0
950,1509753600,100.0
951,1509840000,100.0
952,1509926400,100.0
953,1510012800,100.0
954,1510099200,100.0
955,1510185600,100.0
956,1510272000,100.0
957,1510358400,100.0
958,1510444800,100.0
959,1510531200,100.0
960,1510617600,100.0
961,1510704000,100.0
962,1510790400,100.0
963,1510876800,100.0
964,1510963200,100.0
965,1511049600,100.0
966,1511136000,100.0
967,1511222400,100.0
968,1511308800,100.0
969,1511395200,100.0
970,1511481600,100.0
971,1511568000,100.0
972,1511654400,100.0
973,1511740800,100.0
974,1511827200,100.0
975,1511913600,100.0
976,1512000000,100.0
977,1512086400,100.0
978,1512172800,100.0
979,1512259200,100.0
980,1512345600,100.0
981,1512432000,100.0
982,1512518400,100.0
983,1512604800,100.0
984,1512691200,100.0
985,1512777600,100.0
986,1512864000,100.0
987,1512950400,100.0
988,1513036800,100.0
989,1513123200,100.0
990,1513209600,100.0
991,1513296000,100.0
992,1513382400,100.0
993,1513468800,100.0
994,1513555200,100.0
995,1513641600,100.0
996,1513728000,100.0
997,1513814400,100.0
998,1513900800,100.0
999,1513987200,100.0
1000,1514073600,100.0
1001,1514160000,100.0
1002,1514246400,100.0
1003,1514332800,100.0
1004,1514419200,100.0
1005,1514505600,100.0
1006,1514592000,100.0
1007,1514678400,100.0
1008,1514764800,100.0
1009,1514851200,100.0
1010,1514937600,100.0
1011,1515024000,100.0
1012,1515110400,100.0
1013,1515196800,100.0
1014,1515283200,100.0
1015,1515369600,100.0
1016,1515456000,100.0
1017,1515542400,100.0
1018,1515628800,100.0
1019,1515715200,100.0
1020,1515801600,100.0
1021,1515888000,100.0
1022,1515974400,100.0
1023,1516060800,100.0
1024,1516147200,100.0
1025,1516233600,100.0
1026,1516320000,100.0
1027,1516406400,100.0
1028,1516492800,100.0
1029,1516579200,100.0
1030,1516665600,100.0
1031,1516752000,100.0
1032,1516838400,100.0
1033,1516924800,100.0
1034,1517011200,100.0
1035,1517097600,100.0
1036,1517184000,100.0
1037,1517270400,100.0
1038,1517356800,100.0
1039,1517443200,100.0
1040,1517529600,100.0
1041,1517616000,100.0
1042,1517702400,100.0
1043,1517788800,100.0
1044,1517875200,100.0
1045,1517961600,100.0
1046,1518048000,100.0
1047,1518134400,100.0
1048,1518220800,100.0
1049,1518307200,100.0
1050,1518393600,100.0
1051,1518480000,100.0
1052,1518566400,100.0
1053,1518652800,100.0
1054,1518739200,100.0
1055,1518825600,100.0
1056,1518912000,100.0
1057,1518998400,100.0
1058,1519084800,100.0
1059,1519171200,100.0
1060,1519257600,100.0
1061,1519344000,100.0
1062,1519430400,100.0
1063,1519516800,100.0
1064,1519603200,100.0
1065,1519689600,100.0
1066,1519776000,100.0
1067,1519862400,100.0
1068,1519948800,100.0
1069,1520035200,100.0
1070,1520121600,100.0
1071,1520208000,100.0
1072,1520294400,100.0
1073,1520380800,100.0
1074,1520467200,100.0
1075,1520553600,100.0
1076,1520640000,100.0
1077,1520726400,100.0
1078,1520812800,100.0
1079,1520899200,100.0
1080,1520985600,100.0
1081,1521072000,100.0
1082,1521158400,100.0
1083,1521244800,100.0
1084,1521331200,100.0
1085,1521417600,100.0
1086,1521504000,100.0
1087,1521590400,100.0
1088,1521676800,100.0
1089,1521763200,100.0
1090,1521849600,99.65794162619342
1091,1521936000,99.65607272618288
1092,1522022400,99.6549630101558
1093,1522108800,99.65512623001374
1094,1522195200,99.65866541632839
1095,1522281600,99.64182745963433
1096,1522368000,99.57912395569357
1097,1522454400,99.58446407807216
1098,1522540800,99.5828551095729
1099,1522627200,99.5870588661821
1100,1522713600,99.58704523801521
1101,1522800000,99.57743427551556
1102,1522886400,99.57654903014114
1103,1522972800,99.57816282566088
1104,1523059200,99.58133405806333
1105,1523145600,99.58110405931092
1106,1523232000,99.57806434690994
1107,1523318400,99.58156216773709
1108,1523404800,99.58068654469888
1109,1523491200,99.58359371322213
1110,1523577600,99.58367498396402
1111,1523664000,99.5823633094314
1112,1523750400,99.58315015002522
1113,1523836800,99.57542917459836
1114,1523923200,99.57700031978129
1115,1524009600,99.5746240576588
1116,1524096000,99.57151757327672
1117,1524182400,99.57538967443097
1118,1524268800,99.57506684118059
1119,1524355200,99.57626223260584
1120,1524441600,99.57883781715317
1121,1524528000,99.48248167735261
1122,1524614400,99.47532158458017
1123,1524700800,99.50589879889789
1124,1524787200,99.50750837156949
1125,1524873600,99.50769104252369
1126,1524960000,99.508308438654
1127,1525046400,99.50831122693494
1128,1525132800,99.51041592481535
1129,1525219200,99.51155802955508
1130,1525305600,99.49057459931298
1131,1525392000,99.50228368039423
1132,1525478400,99.47566537101814
1133,1525564800,99.47169485380903
1134,1525651200,99.45374895899968
1135,1525737600,99.45296997062157
1136,1525824000,99.43783146211287
1137,1525910400,99.43992974443319
1138,1525996800,99.37329954508617
1139,1526083200,99.37160692086832
1140,1526169600,99.4029609528245
1141,1526256000,99.3937952604848
1142,1526342400,99.39686109118074
1143,1526428800,99.26263878492372
1144,1526515200,99.30115728685426
1145,1526601600,99.28359774964609
1146,1526688000,99.33632823759949
1147,1526774400,99.33983076578009
1148,1526860800,99.21437787630934
1149,1526947200,99.26275374215764
1150,1527033600,98.68011330796637
1151,1527120000,98.68890433175382
1152,1527206400,98.66843756968437
1153,1527292800,98.4777707499645
1154,1527379200,98.46145992024526
1155,1527465600,98.45189140605069
1156,1527552000,98.4887964003871
1157,1527638400,98.48391170455602
1158,1527724800,98.37234551572159
1159,1527811200,98.30176812332546
1160,1527897600,98.31444997772611
1161,1527984000,98.30862643638024
1162,1528070400,98.29973289287595
1163,1528156800,98.30366117093187
1164,1528243200,98.29931830941236
1165,1528329600,98.28372389603989
1166,1528416000,98.28841564933344
1167,1528502400,98.30527300826421
1168,1528588800,98.27305686334027
1169,1528675200,98.27536484275572
1170,1528761600,98.23485619871954
1171,1528848000,98.10256213647304
1172,1528934400,98.08771382815529
1173,1529020800,98.0613433109658
1174,1529107200,98.13385123872945
1175,1529193600,98.13932291101067
1176,1529280000,97.67406036544746
1177,1529366400,97.67696681529937
1178,1529452800,97.66788656255689
1179,1529539200,97.65840641011457
1180,1529625600,97.4647250530074
1181,1529712000,97.27980954635613
1182,1529798400,97.28533285448377
1183,1529884800,97.2902322238687
1184,1529971200,97.12790633964255
1185,1530057600,97.14115512842172
1186,1530144000,97.1057794270651
1187,1530230400,97.01723496793757
1188,1530316800,97.01744467149643
1189,1530403200,97.02656928807714
1190,1530489600,96.83455818367976
1191,1530576000,96.8569199889312
1192,1530662400,96.88337151069592
1193,1530748800,96.8745696747442
1194,1530835200,96.9531486141285
1195,1530921600,96.86562575921455
1196,1531008000,96.88475661194829
1197,1531094400,97.03854801686742
1198,1531180800,97.04273119767355
1199,1531267200,97.07516904175036
1200,1531353600,97.29043965117275
1201,1531440000,97.17630352641427
1202,1531526400,97.32627764629926
1203,1531612800,97.49253200574826
1204,1531699200,97.4962061371376
1205,1531785600,97.55721703345954
1206,1531872000,97.5484168824894
1207,1531958400,97.40434214120428
1208,1532044800,97.5480911557367
1209,1532131200,97.44299906788643
1210,1532217600,97.70089661692303
1211,1532304000,97.89411161258298
1212,1532390400,98.00706613774717
1213,1532476800,97.30564984185607
1214,1532563200,97.37343976252475
1215,1532649600,97.56979910833725
1216,1532736000,97.5641757203054
1217,1532822400,97.57610228651875
1218,1532908800,97.58427038563308
1219,1532995200,97.64968549331628
1220,1533081600,97.68941499903531
1221,1533168000,97.53063901025484
1222,1533254400,97.60656443441835
1223,1533340800,97.61654545292255
1224,1533427200,97.60595087478214
1225,1533513600,97.51919407291138
1226,1533600000,97.80598933008147
1227,1533686400,97.61506458756813
1228,1533772800,97.83920665347993
1229,1533859200,97.61882760064753
1230,1533945600,97.52389605373719
1231,1534032000,97.53676006580646
1232,1534118400,97.50021543903095
1233,1534204800,97.56874268774078
1234,1534291200,97.55807102597093
1235,1534377600,97.3707159975278
1236,1534464000,97.34103805831063
1237,1534550400,97.34067330136911
1238,1534636800,97.35344400329747
1239,1534723200,97.35884754658832
1240,1534809600,97.62144672065553
1241,1534896000,97.59098322377936
1242,1534982400,97.51333812677223
1243,1535068800,97.51942574038907
1244,1535155200,97.3778944009451
1245,1535241600,97.34993605139994
1246,1535328000,97.35818568388058
1247,1535414400,97.36446644381286
1248,1535500800,97.34416764234116
1249,1535587200,97.35623952950628
1250,1535673600,97.3639209933806
1251,1535760000,97.4285192258777
1252,1535846400,97.42723779426456
1253,1535932800,97.42913169288644
1254,1536019200,97.4230645681088
1255,1536105600,97.39340460543553
1256,1536192000,97.26751358018772
1257,1536278400,97.27798864828927
1258,1536364800,97.28079913391025
1259,1536451200,97.23073887277195
1260,1536537600,97.24880605799683
1261,1536624000,97.11814284108765
1262,1536710400,97.11988967570713
1263,1536796800,97.11575804666019
1264,1536883200,97.08768651624317
1265,1536969600,96.98868156246246
1266,1537056000,96.9903507938748
1267,1537142400,96.96814561253042
1268,1537228800,96.78334141409334
1269,1537315200,96.71264935722895
1270,1537401600,96.72226917221076
1271,1537488000,96.724155145051
1272,1537574400,96.70456377313334
1273,1537660800,96.72965273826196
1274,1537747200,96.71533547376544
1275,1537833600,96.72539298691079
1276,1537920000,96.717081718914
1277,1538006400,96.71058602828643
1278,1538092800,96.38421800144464
1279,1538179200,96.36506263143984
1280,1538265600,96.38055769563991
1281,1538352000,96.38907262335633
1282,1538438400,96.24547120874624
1283,1538524800,95.83454241219778
1284,1538611200,95.9026629031577
1285,1538697600,95.88396192610192
1286,1538784000,95.87075705401848
1287,1538870400,95.87829990167108
1288,1538956800,95.93144835477932
1289,1539043200,95.42382180644286
1290,1539129600,95.39701309080604
1291,1539216000,95.14627836457358
1292,1539302400,94.63485794825176
1293,1539388800,94.42053282436454
1294,1539475200,94.3439254832876
1295,1539561600,93.36098417517671
1296,1539648000,91.86870997331133
1297,1539734400,91.47311696642679
1298,1539820800,93.05569889052039
1299,1539907200,92.89442197715377
1300,1539993600,92.91615381169956
1301,1540080000,92.80436968712534
1302,1540166400,92.84654864456327
1303,1540252800,91.45093359963045
1304,1540339200,84.3448649908846
1305,1540425600,83.44070440201176
1306,1540512000,83.42799473907866
1307,1540598400,83.50593521233124
1308,1540684800,83.37371668285614
1309,1540771200,83.14513163645103
1310,1540857600,82.99143108248461
1311,1540944000,83.23368827642282
1312,1541030400,83.08967499375113
1313,1541116800,82.24517596313453
1314,1541203200,82.1104375875383
1315,1541289600,82.44744744716746
1316,1541376000,81.87934452989234
1317,1541462400,82.39746773744494
1318,1541548800,82.46601379496336
1319,1541635200,82.4711064566258
1320,1541721600,82.54033233273785
1321,1541808000,82.57452247592408
1322,1541894400,82.5089321059275
1323,1541980800,82.61706229877987
1324,1542067200,82.29589504472676
1325,1542153600,81.98856721944871
1326,1542240000,81.9570079945669
1327,1542326400,82.04029363411126
1328,1542412800,81.98847626429134
1329,1542499200,82.06229942888054
1330,1542585600,81.95443416359714
1331,1542672000,81.18489481181986
1332,1542758400,80.78215165464884
1333,1542844800,80.40171523599139
1334,1542931200,80.33253614923844
1335,1543017600,80.26552861341008
1336,1543104000,80.06844298044568
1337,1543190400,80.26036710634284
1338,1543276800,79.93503426663547
1339,1543363200,79.9746615542846
1340,1543449600,79.74984494227193
1341,1543536000,79.14933436988538
1342,1543622400,78.90873959628351
1343,1543708800,78.95844721515229
1344,1543795200,78.31045170681914
1345,1543881600,78.70204983511822
1346,1543968000,79.00937445043066
1347,1544054400,78.69004790047363
1348,1544140800,78.41123927288741
1349,1544227200,78.42260149058619
1350,1544313600,78.32691310243625
1351,1544400000,78.11196521802097
1352,1544486400,78.34249858918099
1353,1544572800,78.21166902509769
1354,1544659200,78.20415507911214
1355,1544745600,78.0957285924696
1356,1544832000,78.24873984598489
1357,1544918400,78.16122093434511
1358,1545004800,77.84926251011991
1359,1545091200,78.22375264747485
1360,1545177600,78.17650760095624
1361,1545264000,77.96289974193708
1362,1545350400,77.62854392914033
1363,1545436800,77.64723232840464
1364,1545523200,77.92139541107453
1365,1545609600,77.78055540205308
1366,1545696000,77.85173173307761
1367,1545782400,77.81393559997568
1368,1545868800,77.63289207993594
1369,1545955200,77.7137936503601
1370,1546041600,77.86011670053765
1371,1546128000,77.40990188688562
1372,1546214400,77.59020249025347
1373,1546300800,77.18974352088217
1374,1546387200,76.99678115037936
1375,1546473600,76.95058737675785
1376,1546560000,76.5261738431411
1377,1546646400,76.73751664746166
1378,1546732800,76.46889635670371
1379,1546819200,76.18877571957344
1380,1546905600,75.89377410033602
1381,1546992000,75.4156267536154
1382,1547078400,75.04273275560381
1383,1547164800,74.96661335878208
1384,1547251200,74.93927167999858
1385,1547337600,74.60627109542415
1386,1547424000,74.35449259214165
1387,1547510400,74.70377915696862
1388,1547596800,74.83433921712077
1389,1547683200,74.49749356854417
1390,1547769600,74.6354014633736
1391,1547856000,74.77377219421643
1392,1547942400,74.73862579706991
1393,1548028800,74.74781038158605
1394,1548115200,74.88967935218561
1395,1548201600,74.81874670218247
1396,1548288000,74.96807973737653
1397,1548374400,74.95445863212534
1398,1548460800,75.11049449617623
1399,1548547200,74.91179420839003
1400,1548633600,75.23836736687426
1401,1548720000,75.57881416319572
1402,1548806400,75.58297988533181
1403,1548892800,76.05037593712143
1404,1548979200,76.12664072993505
1405,1549065600,76.17414161640238
1406,1549152000,76.07602219439421
1407,1549238400,76.31038227278589
1408,1549324800,76.53437146263303
1409,1549411200,76.69764852576802
1410,1549497600,76.81293242396534
1411,1549584000,76.75789081481005
1412,1549670400,76.85302711334351
1413,1549756800,76.90778465052259
1414,1549843200,77.79769110580119
1415,1549929600,77.7208776410827
1416,1550016000,77.84952137738004
1417,1550102400,78.16177687739967
1418,1550188800,78.15504444639434
1419,1550275200,78.2496527828081
1420,1550361600,78.20637611463786
1421,1550448000,78.32806266900057
1422,1550534400,78.24287497641427
1423,1550620800,78.20674192990998
1424,1550707200,78.3287834141689
1425,1550793600,78.64245620429153
1426,1550880000,78.76691413954579
1427,1550966400,78.76024827976978
1428,1551052800,78.90298716369898
1429,1551139200,78.76352564522429
1430,1551225600,78.70841091229822
1431,1551312000,78.88383077731385
1432,1551398400,78.80030369537428
1433,1551484800,78.58517561461471
1434,1551571200,78.59440678625205
1435,1551657600,78.51189082647011
1436,1551744000,78.53133727482377
1437,1551830400,78.56526740765307
1438,1551916800,78.66396527394201
1439,1552003200,78.46664635744077
1440,1552089600,78.55350397299874
1441,1552176000,78.58667816555007
1442,1552262400,78.63260810003466
1443,1552348800,78.55034565023452
1444,1552435200,78.61832436943027
1445,1552521600,78.5119544661837
1446,1552608000,78.64453209602841
1447,1552694400,78.61824748681197
1448,1552780800,78.69734067419193
1449,1552867200,78.51412139297031
1450,1552953600,78.51811603444955
1451,1553040000,78.47833985558256
1452,1553126400,78.3637810771607
1453,1553212800,78.30552022753118
1454,1553299200,78.23988854646261
1455,1553385600,78.17516423981928
1456,1553472000,78.2763765629495
1457,1553558400,78.22060100973752
1458,1553644800,78.3231509336503
1459,1553731200,78.35966170128546
1460,1553817600,78.41126488074394
1461,1553904000,78.40522323333397
1462,1553990400,78.42433494464764
1463,1554076800,78.37640252520657
1464,1554163200,78.5886685169237
1465,1554249600,78.44404705333717
1466,1554336000,78.45134676909592
1467,1554422400,78.44521564336934
1468,1554508800,78.40410878750222
1469,1554595200,78.28982819783727
1470,1554681600,78.43490003322212
1471,1554768000,78.19052102595882
1472,1554854400,78.18464491336914
1473,1554940800,78.39648023879691
1474,1555027200,78.42256398321481
1475,1555113600,78.40427877818993
1476,1555200000,78.30621423667189
1477,1555286400,78.38035958195604
1478,1555372800,78.4113920956551
1479,1555459200,78.48199657134386
1480,1555545600,78.62853334856058
1481,1555632000,78.54557830603746
1482,1555718400,78.53902148937041
1483,1555804800,78.56789257955535
1484,1555891200,78.82204251803546
1485,1555977600,78.6869095800141
1486,1556064000,78.53284257941377
1487,1556150400,78.27333912550313
1488,1556236800,76.88129047004324
1489,1556323200,76.07452161519286
1490,1556409600,75.96075406682142
1491,1556496000,75.51157587529124
1492,1556582400,75.39670725011413
1493,1556668800,75.12277520971298
1494,1556755200,74.77374778533762
1495,1556841600,74.33791133542935
1496,1556928000,74.2492084923648
1497,1557014400,74.26583104936083
1498,1557100800,74.17009501051277
1499,1557187200,73.86309135354425
1500,1557273600,73.67122046179865
1501,1557360000,73.31726049475638
1502,1557446400,73.02880785584064
1503,1557532800,73.1363471707303
1504,1557619200,73.17252442041092
1505,1557705600,72.83517684840298
1506,1557792000,72.53613659330013
1507,1557878400,72.46731150078055
1508,1557964800,72.43012203074065
1509,1558051200,72.34938110984768
1510,1558137600,72.32530568885063
1511,1558224000,72.31878850956156
1512,1558310400,72.38965038976745
1513,1558396800,72.57008786301948
1514,1558483200,72.54865231794844
1515,1558569600,72.4675077406356
1516,1558656000,72.56006043987551
1517,1558742400,72.50793125012875
1518,1558828800,72.51792413854596
1519,1558915200,72.89573700891731
1520,1559001600,72.76468668364001
1521,1559088000,72.74616286599496
1522,1559174400,73.27977306506011
1523,1559260800,73.34295769978863
1524,1559347200,73.34205886928099
1525,1559433600,73.38555727237136
1526,1559520000,73.31209096647768
1527,1559606400,73.31794515309916
1528,1559692800,73.17754534108279
1529,1559779200,72.9385403387065
1530,1559865600,72.75765502157175
1531,1559952000,72.74807833059268
1532,1560038400,72.71026908183285
1533,1560124800,72.8507305690765
1534,1560211200,73.08302500479283
1535,1560297600,72.81747075838152
1536,1560384000,72.89511854850278
1537,1560470400,72.75178535571682
1538,1560556800,72.66320402789957
1539,1560643200,72.67480250037302
1540,1560729600,73.32255996374928
1541,1560816000,73.20407030094124
1542,1560902400,82.84206253566036
1543,1560988800,82.89184211330354
1544,1561075200,83.03099791947552
1545,1561161600,82.95909421674176
1546,1561248000,82.86998195313095
1547,1561334400,83.19624239626397
1548,1561420800,83.23219711551198
1549,1561507200,83.15747266336074
1550,1561593600,82.75456641703681
1551,1561680000,82.70519001644956
1552,1561766400,82.60285712639107
1553,1561852800,82.42726012101565
1554,1561939200,82.88980364126053
1555,1562025600,82.7170813894787
1556,1562112000,82.71618514108991
1557,1562198400,82.67234234566301
1558,1562284800,82.59954366164915
1559,1562371200,82.53958831084225
1560,1562457600,82.60408372149223
1561,1562544000,82.79913206366268
1562,1562630400,82.98528909954918
1563,1562716800,82.96298436333021
1564,1562803200,82.73518071968009
1565,1562889600,82.46156223335943
1566,1562976000,82.29233126490428
1567,1563062400,82.17898204790902
1568,1563148800,82.15307395298169
1569,1563235200,81.62932585623821
1570,1563321600,81.11009850127692
1571,1563408000,80.94327500658113
1572,1563494400,81.96766909131065
1573,1563580800,81.91625322438622
1574,1563667200,81.77392844573264
1575,1563753600,81.67503970541038
1576,1563840000,81.66098570487218
1577,1563926400,81.28371696130098
1578,1564012800,81.22121426307272
1579,1564099200,80.98339914978038
1580,1564185600,80.85453592414531
1581,1564272000,80.80690584737845
1582,1564358400,80.23559134195068
1583,1564444800,80.27179477102598
1584,1564531200,80.08061353806343
1585,1564617600,80.18217731716246
1586,1564704000,80.42560422907003
1587,1564790400,80.26165481753603
1588,1564876800,80.23535144888126
1589,1564963200,80.33247665422546
1590,1565049600,80.31541909207864
1591,1565136000,80.65783098351179
1592,1565222400,80.79181366878186
1593,1565308800,81.2282608977708
1594,1565395200,81.02506841326235
1595,1565481600,81.16590213774579
1596,1565568000,81.15041469719529
1597,1565654400,81.44002279382742
1598,1565740800,81.36164485952652
1599,1565827200,81.619119406938
1600,1565913600,81.49194408326849
1601,1566000000,81.44584285657665
1602,1566086400,81.46698240332164
1603,1566172800,81.39280595925491
1604,1566259200,81.49940482915937
1605,1566345600,81.05560351585581
1606,1566432000,81.02738877731672
1607,1566518400,81.00427199143458
1608,1566604800,81.02347431048526
1609,1566691200,81.0056811377372
1610,1566777600,81.13308346927333
1611,1566864000,81.26761530053139
1612,1566950400,81.26880388353595
1613,1567036800,80.76755102938057
1614,1567123200,80.62667798495464
1615,1567209600,80.6243372763231
1616,1567296000,80.65297349403725
1617,1567382400,80.62729277163156
1618,1567468800,80.30710619974548
1619,1567555200,80.69155944563556
1620,1567641600,80.08187187496165
1621,1567728000,80.08013596927361
1622,1567814400,80.09441692895408
1623,1567900800,80.15969706091653
1624,1567987200,80.30068080981624
1625,1568073600,80.36208446999288
1626,1568160000,80.38083430268995
1627,1568246400,80.39214908322792
1628,1568332800,80.48170311336732
1629,1568419200,80.5075400233322
1630,1568505600,80.48461606248397
1631,1568592000,80.65875509150196
1632,1568678400,80.91533899351045
1633,1568764800,81.18109881645803
1634,1568851200,81.3013519723517
1635,1568937600,81.45079865315658
1636,1569024000,81.46735627543859
1637,1569110400,81.45540780580765
1638,1569196800,81.31245858458227
1639,1569283200,81.11151644927484
1640,1569369600,80.46261081314319
1641,1569456000,80.53752347986264
1642,1569542400,80.31753972167974
1643,1569628800,80.30035589843472
1644,1569715200,80.29305778793552
1645,1569801600,80.24447394215348
1646,1569888000,79.6808858094195
1647,1569974400,79.65948045660329
1648,1570060800,79.31236590064361
1649,1570147200,79.3063541083339
1650,1570233600,79.33412916923464
1651,1570320000,79.31484031298616
1652,1570406400,79.46220934948792
1653,1570492800,79.5394791912097
1654,1570579200,79.55942599593376
1655,1570665600,79.64179667664578
1656,1570752000,79.51503840293361
1657,1570838400,79.50619049800703
1658,1570924800,79.49626666046625
1659,1571011200,79.53217123080687
1660,1571097600,79.48085451722645
1661,1571184000,82.37990138825457
1662,1571270400,82.41971492381805
1663,1571356800,82.39416864602805
1664,1571443200,82.39158259761965
1665,1571529600,82.39806681153442
1666,1571616000,82.4177844943131
1667,1571702400,82.57249323111805
1668,1571788800,82.47207863179725
1669,1571875200,82.28637658307122
1670,1571961600,82.16813749972577
1671,1572048000,82.17090950195629
1672,1572134400,82.21961391332435
1673,1572220800,82.31991476886816
1674,1572307200,82.44896136521486
1675,1572393600,82.53750516536749
1676,1572480000,82.680791839249
1677,1572566400,82.64033542423516
1678,1572652800,82.68834095357752
1679,1572739200,82.69488086494512
1680,1572825600,82.96386239036208
1681,1572912000,82.65489602592034
1682,1572998400,82.8725660695013
1683,1573084800,82.91105899837733
1684,1573171200,83.1744973997376
1685,1573257600,83.18228455195292
1686,1573344000,83.17888047709926
1687,1573430400,83.20496819397461
1688,1573516800,83.32755505210545
1689,1573603200,83.31184188655625
1690,1573689600,83.46597711898893
1691,1573776000,83.5810544478092
1692,1573862400,83.51151182302539
1693,1573948800,83.52415681993959
1694,1574035200,83.62290646878884
1695,1574121600,83.62871236678792
1696,1574208000,83.72965019077708
1697,1574294400,83.37483004855044
1698,1574380800,83.594847912012
1699,1574467200,83.50347082139609
1700,1574553600,83.5387512423185
1701,1574640000,83.26941144583996
1702,1574726400,83.2104644330761
1703,1574812800,83.13486441467077
1704,1574899200,83.29993262730311
1705,1574985600,83.10127597370317
1706,1575072000,83.10624082862718
1707,1575158400,83.09871669389594
1708,1575244800,82.50853243932751
1709,1575331200,82.29067779108424
1710,1575417600,82.31558089933174
1711,1575504000,82.38879726187292
1712,1575590400,82.3249335390629
1713,1575676800,82.39955112248364
1714,1575763200,82.370619277571
1715,1575849600,82.02074135195171
1716,1575936000,82.08168969020741
1717,1576022400,82.18699831464761
1718,1576108800,82.21059509028477
1719,1576195200,82.27071837942464
1720,1576281600,82.29029898796423
1721,1576368000,82.25491279462415
1722,1576454400,82.29894952782641
1723,1576540800,82.39345664197857
1724,1576627200,82.1767445115941
1725,1576713600,81.6145942550624
1726,1576800000,81.507635998501
1727,1576886400,81.5096186510402
1728,1576972800,81.50119949326383
1729,1577059200,81.52896893682106
1730,1577145600,81.66834366437644
1731,1577232000,81.65820595877115
1732,1577318400,81.78172427184155
1733,1577404800,81.84130304519303
1734,1577491200,81.82207916718029
1735,1577577600,81.83332964037136
1736,1577664000,81.80954841279072
1737,1577750400,81.79703922601668
1738,1577836800,81.84324947920707
1739,1577923200,81.93015464299259
1740,1578009600,81.40701115698081
1741,1578096000,81.45888331809795
1742,1578182400,81.45634365019168
1743,1578268800,81.41404298592651
1744,1578355200,81.6237779815064
1745,1578441600,82.02952071849793
1746,1578528000,82.2838125125902
1747,1578614400,81.96816591541999
1748,1578700800,82.10616034909982
1749,1578787200,82.08037942996246
1750,1578873600,82.32373741506326
1751,1578960000,82.52656796496828
1752,1579046400,82.33237344233822
1753,1579132800,82.21459950050536
1754,1579219200,82.39339979209586
1755,1579305600,82.40272782199453
1756,1579392000,82.41369767977844
1757,1579478400,82.48039906163245
1758,1579564800,82.52508269620888
1759,1579651200,82.40141104294106
1760,1579737600,82.52939276383665
1761,1579824000,82.54843169914317
1762,1579910400,82.52162541404921
1763,1579996800,82.53808676773082
1764,1580083200,82.54654880167116
1765,1580169600,82.42653098022194
1766,1580256000,82.2901240186636
1767,1580342400,82.30026413106516
1768,1580428800,82.33540739460507
1769,1580515200,82.36671441508376
1770,1580601600,82.40009062724218
1771,1580688000,82.4169858820784
1772,1580774400,82.4230696337485
1773,1580860800,82.59221968817518
1774,1580947200,82.471054654759
1775,1581033600,82.68329795835456
1776,1581120000,82.62966565867005
1777,1581206400,82.56087767511339
1778,1581292800,82.67606673913144
1779,1581379200,82.62274013657361
1780,1581465600,82.5078535029342
1781,1581552000,82.391049108621
1782,1581638400,82.51032956452929
1783,1581724800,82.48356939080969
1784,1581811200,82.4075252310762
1785,1581897600,82.45132842452088
1786,1581984000,82.47832619685256
1787,1582070400,82.4266351774092
1788,1582156800,82.54150499215307
1789,1582243200,82.42369034324582
1790,1582329600,82.41164665091893
1791,1582416000,82.43496508116557
1792,1582502400,82.65901069556315
1793,1582588800,82.61317429046737
1794,1582675200,82.60955920041303
1795,1582761600,82.44570473249011
1796,1582848000,82.45782151024403
1797,1582934400,82.47250214299254
1798,1583020800,82.47975533283277
1799,1583107200,82.46755344272498
1800,1583193600,82.31556045393222
1801,1583280000,82.37254801006111
1802,1583366400,82.44251573536837
1803,1583452800,82.38942839720929
1804,1583539200,82.3342637844384
1805,1583625600,82.39876182574345
1806,1583712000,82.4389874150669
1807,1583798400,82.47713715264014
1808,1583884800,82.24319963014723
1809,1583971200,81.89368268774177
1810,1584057600,81.15057182799924
1811,1584144000,80.68266935999488
1812,1584230400,80.1018289409672
1813,1584316800,80.28762487900833
1814,1584403200,79.92734985374057
1815,1584489600,79.470821208051
1816,1584576000,79.45773552917204
1817,1584662400,79.67582054877839
1818,1584748800,79.14964359999733
1819,1584835200,79.22237139570734
1820,1584921600,78.96565870160536
1821,1585008000,78.48153136254527
1822,1585094400,78.43305566274752
1823,1585180800,78.5462552953994
1824,1585267200,78.65673754554096
1825,1585353600,78.56971012003044
1826,1585440000,78.60508929554011
1827,1585526400,78.79000231604074
1828,1585612800,78.58952641491086
1829,1585699200,78.53990426928553
1830,1585785600,84.30379571279416
1831,1585872000,84.33009489292127
1832,1585958400,84.32235317011731
1833,1586044800,84.37138580229404
1834,1586131200,84.55014360318962
1835,1586217600,84.36959970518753
1836,1586304000,84.21760036260746
1837,1586390400,84.2117338931569
1838,1586476800,84.25635610904185
1839,1586563200,84.22622355749452
1840,1586649600,84.13998124894484
1841,1586736000,83.98780553323573
1842,1586822400,83.85665831879253
1843,1586908800,83.86493461813268
1844,1586995200,83.99959059464999
1845,1587081600,84.0953628440976
1846,1587168000,84.0183642630951
1847,1587254400,84.04464090438381
1848,1587340800,83.86080965577317
1849,1587427200,83.89954293095397
1850,1587513600,85.36233489926381
1851,1587600000,85.30543382373381
1852,1587686400,85.09242350319506
1853,1587772800,85.07489602848202
1854,1587859200,85.08905229675338
1855,1587945600,85.09998830437077
1856,1588032000,85.2571970513057
1857,1588118400,86.2501055495839
1858,1588204800,86.27271125247577
1859,1588291200,86.59967428430642
1860,1588377600,86.58451943395839
1861,1588464000,86.56919136178767
1862,1588550400,86.43929730187233
1863,1588636800,86.45564956816973
1864,1588723200,86.60361358450581
1865,1588809600,86.69661028421875
1866,1588896000,86.82286008058988
1867,1588982400,87.03073347875353
1868,1589068800,87.09814985967253
1869,1589155200,87.21722496627979
1870,1589241600,87.3729515564523
1871,1589328000,87.14358500873433
1872,1589414400,87.76702660264723
1873,1589500800,87.77208221363047
1874,1589587200,87.81767429276577
1875,1589673600,87.88164227423142
1876,1589760000,87.80419044474453
1877,1589846400,87.80994706719328
1878,1589932800,87.75024905503443
1879,1590019200,87.79637602168542
1880,1590105600,87.70935585553367
1881,1590192000,87.72804789401836
1882,1590278400,87.79294195509111
1883,1590364800,87.74072349352839
1884,1590451200,87.7724828010548
1885,1590537600,87.75796383000825
1886,1590624000,87.75149796602136
1887,1590710400,87.79319143595305
1888,1590796800,87.82168198946496
1889,1590883200,87.88824716726076
1890,1590969600,88.00622244062107
1891,1591056000,88.04682501923415
1892,1591142400,88.02184867333852
1893,1591228800,88.0233438770138
1894,1591315200,88.03524485231785
1895,1591401600,88.02055995452065
1896,1591488000,88.03358538287672
1897,1591574400,87.99725751112469
1898,1591660800,88.13676865275627
1899,1591747200,88.25545524452096
1900,1591833600,88.25286213723564
1901,1591920000,88.32128158085331
1902,1592006400,88.23479953074603
1903,1592092800,88.28231489917245
1904,1592179200,88.25280580855414
1905,1592265600,88.0639260414248
1906,1592352000,87.79773339583113
1907,1592438400,87.59632623253499
1908,1592524800,87.27680371989554
1909,1592611200,87.01912610783543
1910,1592697600,86.81030419700473
1911,1592784000,86.61798703096142
1912,1592870400,86.6627346342527
1913,1592956800,86.71790021706933
1914,1593043200,86.65538497719496
1915,1593129600,86.61851669002628
1916,1593216000,86.37343342925513
1917,1593302400,86.34681402168425
1918,1593388800,86.43993653797104
1919,1593475200,86.39013760856312
1920,1593561600,86.07234611345633
1921,1593648000,86.13765192715933
1922,1593734400,85.63018126299211
1923,1593820800,85.6738177830006
1924,1593907200,85.63168062251762
1925,1593993600,85.53321405997151
1926,1594080000,85.48886481695068
1927,1594166400,85.24525480823098
1928,1594252800,85.33356174830048
1929,1594339200,85.20867265444836
1930,1594425600,85.10417652912841
1931,1594512000,85.14741506751137
1932,1594598400,85.18394240559486
1933,1594684800,85.19881200904322
1934,1594771200,85.18388896679335
1935,1594857600,85.29177032600427
1936,1594944000,85.2239798727475
1937,1595030400,84.97637022640677
1938,1595116800,84.72816261235718
1939,1595203200,84.85125873491313
1940,1595289600,84.71161793072054
1941,1595376000,84.65044237384403
1942,1595462400,84.24104259889546
1943,1595548800,84.09570211919353
1944,1595635200,84.3852865679609
1945,1595721600,83.85619571520351
1946,1595808000,84.01911167837463
1947,1595894400,84.31639119965638
1948,1595980800,84.32787646221406
1949,1596067200,84.41775915903685
1950,1596153600,84.69265871060426
1951,1596240000,84.75699335371385
1952,1596326400,84.85707044988389
1953,1596412800,84.9809551171654
1954,1596499200,85.05896921544081
1955,1596585600,85.05020829131763
1956,1596672000,85.07890294996047
1957,1596758400,85.12679166277364
1958,1596844800,84.94634691897588
1959,1596931200,85.03658085044222
1960,1597017600,85.07223356117389
1961,1597104000,85.21388028446424
1962,1597190400,85.05000097000458
1963,1597276800,85.00990232196165
1964,1597363200,84.78177431661673
1965,1597449600,84.66878178749394
1966,1597536000,84.47762901191012
1967,1597622400,84.62967640650106
1968,1597708800,84.58783652284474
1969,1597795200,84.38746192250409
1970,1597881600,84.1271276670686
1971,1597968000,84.11287568416014
1972,1598054400,83.82274175513082
1973,1598140800,83.64897583583569
1974,1598227200,83.8547208619132
1975,1598313600,83.4470323884829
1976,1598400000,83.27351888043447
1977,1598486400,83.42950902199833
1978,1598572800,83.4545582846778
1979,1598659200,83.4034009021598
1980,1598745600,83.30828251390976
1981,1598832000,83.5328499748401
1982,1598918400,83.30838871209497
1983,1599004800,83.34219059912738
1984,1599091200,82.95477814813292
1985,1599177600,83.10875125848888
1986,1599264000,82.96745626803288
1987,1599350400,82.73509165496637
1988,1599436800,82.49010085136175
