,unix,total_mcap
0,1427673600,251600.0
1,1427760000,251600.0
2,1427846400,251600.0
3,1427932800,251600.0
4,1428019200,251600.0
5,1428105600,251600.0
6,1428192000,251600.0
7,1428278400,251600.0
8,1428364800,251600.0
9,1428451200,251600.0
10,1428537600,251600.0
11,1428624000,251600.0
12,1428710400,251600.0
13,1428796800,251600.0
14,1428883200,251600.0
15,1428969600,251600.0
16,1429056000,251600.0
17,1429142400,251600.0
18,1429228800,251600.0
19,1429315200,251600.0
20,1429401600,251600.0
21,1429488000,251600.0
22,1429574400,251600.0
23,1429660800,251600.0
24,1429747200,251600.0
25,1429833600,251600.0
26,1429920000,251600.0
27,1430006400,251600.0
28,1430092800,251600.0
29,1430179200,251600.0
30,1430265600,251600.0
31,1430352000,251600.0
32,1430438400,251600.0
33,1430524800,251600.0
34,1430611200,251600.0
35,1430697600,251600.0
36,1430784000,251600.0
37,1430870400,251600.0
38,1430956800,251600.0
39,1431043200,251600.0
40,1431129600,251600.0
41,1431216000,251600.0
42,1431302400,251600.0
43,1431388800,251600.0
44,1431475200,251600.0
45,1431561600,251600.0
46,1431648000,251600.0
47,1431734400,251600.0
48,1431820800,251600.0
49,1431907200,251600.0
50,1431993600,251600.0
51,1432080000,251600.0
52,1432166400,251600.0
53,1432252800,251600.0
54,1432339200,251600.0
55,1432425600,251600.0
56,1432512000,251600.0
57,1432598400,251600.0
58,1432684800,251600.0
59,1432771200,251600.0
60,1432857600,251600.0
61,1432944000,251600.0
62,1433030400,251600.0
63,1433116800,251600.0
64,1433203200,451600.0
65,1433289600,451600.0
66,1433376000,451600.0
67,1433462400,451600.0
68,1433548800,451600.0
69,1433635200,451600.0
70,1433721600,451600.0
71,1433808000,451600.0
72,1433894400,451600.0
73,1433980800,451600.0
74,1434067200,451600.0
75,1434153600,451600.0
76,1434240000,451600.0
77,1434326400,451600.0
78,1434412800,451600.0
79,1434499200,451600.0
80,1434585600,451600.0
81,1434672000,451600.0
82,1434758400,451600.0
83,1434844800,451600.0
84,1434931200,451600.0
85,1435017600,451600.0
86,1435104000,451600.0
87,1435190400,451600.0
88,1435276800,451600.0
89,1435363200,451600.0
90,1435449600,451600.0
91,1435536000,451600.0
92,1435622400,451600.0
93,1435708800,451600.0
94,1435795200,451600.0
95,1435881600,451600.0
96,1435968000,451600.0
97,1436054400,451600.0
98,1436140800,451600.0
99,1436227200,451600.0
100,1436313600,451600.0
101,1436400000,451600.0
102,1436486400,451600.0
103,1436572800,451600.0
104,1436659200,451600.0
105,1436745600,451600.0
106,1436832000,451600.0
107,1436918400,451600.0
108,1437004800,451600.0
109,1437091200,451600.0
110,1437177600,451600.0
111,1437264000,451600.0
112,1437350400,451600.0
113,1437436800,451600.0
114,1437523200,451600.0
115,1437609600,451600.0
116,1437696000,451600.0
117,1437782400,451600.0
118,1437868800,451600.0
119,1437955200,451600.0
120,1438041600,451600.0
121,1438128000,451600.0
122,1438214400,451600.0
123,1438300800,451600.0
124,1438387200,451600.0
125,1438473600,451600.0
126,1438560000,451600.0
127,1438646400,451600.0
128,1438732800,451600.0
129,1438819200,451600.0
130,1438905600,451600.0
131,1438992000,451600.0
132,1439078400,451600.0
133,1439164800,451600.0
134,1439251200,451600.0
135,1439337600,451600.0
136,1439424000,451600.0
137,1439510400,451600.0
138,1439596800,451600.0
139,1439683200,451600.0
140,1439769600,451600.0
141,1439856000,451600.0
142,1439942400,451600.0
143,1440028800,451600.0
144,1440115200,451600.0
145,1440201600,451600.0
146,1440288000,451600.0
147,1440374400,451600.0
148,1440460800,451600.0
149,1440547200,451600.0
150,1440633600,451600.0
151,1440720000,451600.0
152,1440806400,451600.0
153,1440892800,451600.0
154,1440979200,451600.0
155,1441065600,451600.0
156,1441152000,451600.0
157,1441238400,451600.0
158,1441324800,451600.0
159,1441411200,451600.0
160,1441497600,451600.0
161,1441584000,451600.0
162,1441670400,451600.0
163,1441756800,451600.0
164,1441843200,451600.0
165,1441929600,451600.0
166,1442016000,451600.0
167,1442102400,451600.0
168,1442188800,451600.0
169,1442275200,451600.0
170,1442361600,451600.0
171,1442448000,451600.0
172,1442534400,451600.0
173,1442620800,451600.0
174,1442707200,451600.0
175,1442793600,451600.0
176,1442880000,451600.0
177,1442966400,451600.0
178,1443052800,451600.0
179,1443139200,451600.0
180,1443225600,451600.0
181,1443312000,451600.0
182,1443398400,451600.0
183,1443484800,451600.0
184,1443571200,451600.0
185,1443657600,451600.0
186,1443744000,451600.0
187,1443830400,451600.0
188,1443916800,451600.0
189,1444003200,451600.0
190,1444089600,451600.0
191,1444176000,451600.0
192,1444262400,451600.0
193,1444348800,451600.0
194,1444435200,451600.0
195,1444521600,451600.0
196,1444608000,451600.0
197,1444694400,451600.0
198,1444780800,451600.0
199,1444867200,451600.0
200,1444953600,451600.0
201,1445040000,451600.0
202,1445126400,451600.0
203,1445212800,451600.0
204,1445299200,451600.0
205,1445385600,451600.0
206,1445472000,451600.0
207,1445558400,451600.0
208,1445644800,451600.0
209,1445731200,451600.0
210,1445817600,451600.0
211,1445904000,451600.0
212,1445990400,451600.0
213,1446076800,451600.0
214,1446163200,451600.0
215,1446249600,451600.0
216,1446336000,451600.0
217,1446422400,451600.0
218,1446508800,451600.0
219,1446595200,451600.0
220,1446681600,451600.0
221,1446768000,451600.0
222,1446854400,451600.0
223,1446940800,451600.0
224,1447027200,451600.0
225,1447113600,451600.0
226,1447200000,451600.0
227,1447286400,451600.0
228,1447372800,451600.0
229,1447459200,451600.0
230,1447545600,451600.0
231,1447632000,451600.0
232,1447718400,451600.0
233,1447804800,451600.0
234,1447891200,451600.0
235,1447977600,451600.0
236,1448064000,451600.0
237,1448150400,451600.0
238,1448236800,451600.0
239,1448323200,451600.0
240,1448409600,451600.0
241,1448496000,451600.0
242,1448582400,451600.0
243,1448668800,451600.0
244,1448755200,451600.0
245,1448841600,451600.0
246,1448928000,451600.0
247,1449014400,451600.0
248,1449100800,451600.0
249,1449187200,451600.0
250,1449273600,451600.0
251,1449360000,451600.0
252,1449446400,451600.0
253,1449532800,451600.0
254,1449619200,451600.0
255,1449705600,451600.0
256,1449792000,451600.0
257,1449878400,451600.0
258,1449964800,451600.0
259,1450051200,451600.0
260,1450137600,951600.0
261,1450224000,951600.0
262,1450310400,951600.0
263,1450396800,951600.0
264,1450483200,951600.0
265,1450569600,951600.0
266,1450656000,951600.0
267,1450742400,951723.0
268,1450828800,951638.0
269,1450915200,951600.0
270,1451001600,951600.0
271,1451088000,951600.0
272,1451174400,951600.0
273,1451260800,951600.0
274,1451347200,951600.0
275,1451433600,951600.0
276,1451520000,951600.0
277,1451606400,951600.0
278,1451692800,951600.0
279,1451779200,951600.0
280,1451865600,951476.0
281,1451952000,951600.0
282,1452038400,951600.0
283,1452124800,951600.0
284,1452211200,951600.0
285,1452297600,951600.0
286,1452384000,951600.0
287,1452470400,951600.0
288,1452556800,951599.9999999999
289,1452643200,951600.0
290,1452729600,951599.9999999998
291,1452816000,951600.0
292,1452902400,951600.0
293,1452988800,951600.0
294,1453075200,951599.9999999998
295,1453161600,1451599.9999999998
296,1453248000,1451599.9999999998
297,1453334400,1451600.0
298,1453420800,1451600.0
299,1453507200,1451599.9999999998
300,1453593600,1451600.0
301,1453680000,1451600.0
302,1453766400,1451600.0
303,1453852800,1451600.0
304,1453939200,1451599.9999999998
305,1454025600,1451600.0
306,1454112000,1451599.9999999998
307,1454198400,1451599.9999999998
308,1454284800,1451599.9999999998
309,1454371200,1451600.0
310,1454457600,1451600.0
311,1454544000,1451600.0
312,1454630400,1451600.0
313,1454716800,1451600.0
314,1454803200,1451599.9999999998
315,1454889600,1451600.0
316,1454976000,1451600.0
317,1455062400,1451600.0
318,1455148800,1451599.9999999998
319,1455235200,1451600.0
320,1455321600,1451599.9999999998
321,1455408000,1451599.9999999998
322,1455494400,1451600.0
323,1455580800,1451600.0
324,1455667200,1451599.9999999998
325,1455753600,1451599.9999999998
326,1455840000,1451600.0
327,1455926400,1451600.0
328,1456012800,1451600.0
329,1456099200,1451599.9999999995
330,1456185600,1451599.9999999998
331,1456272000,1451377.9052000004
332,1456358400,1451599.9999999998
333,1456444800,1451600.0
334,1456531200,1451600.0
335,1456617600,1451599.9999999998
336,1456704000,1451600.0
337,1456790400,1451581.1292
338,1456876800,1451552.0972
339,1456963200,1451598.5484000002
340,1457049600,1451599.9999999998
341,1457136000,1451600.0
342,1457222400,1451597.0968000002
343,1457308800,1451597.0968000002
344,1457395200,1451598.5484
345,1457481600,1451447.582
346,1457568000,1451591.2903999998
347,1457654400,1451592.742
348,1457740800,1451435.9692
349,1457827200,1451488.2268000003
350,1457913600,1451591.2904000005
351,1458000000,1451600.0
352,1458086400,1451600.0
353,1458172800,1451573.8712
354,1458259200,1451593.0968080005
355,1458345600,1451593.0968080002
356,1458432000,1451588.0968180003
357,1458518400,1451588.096818
358,1458604800,1451589.5484090005
359,1458691200,1451589.5484089996
360,1458777600,1451550.3554520002
361,1458864000,1451591.0
362,1458950400,1451590.9999999998
363,1459036800,1451591.0
364,1459123200,1451591.0
365,1459209600,1451590.9999999998
366,1459296000,1451591.0
367,1459382400,1451591.0
368,1459468800,1451591.0
369,1459555200,1451590.9999999998
370,1459641600,1451590.9999999998
371,1459728000,1451590.9999999998
372,1459814400,1451591.0
373,1459900800,1451590.9999999998
374,1459987200,1451590.9999999995
375,1460073600,1451591.0
376,1460160000,1451591.0
377,1460246400,1451591.0
378,1460332800,1451591.0
379,1460419200,1451591.0
380,1460505600,1451591.0
381,1460592000,1451591.0
382,1460678400,1451590.9999999998
383,1460764800,1451591.0
384,1460851200,1451591.0
385,1460937600,1451591.0
386,1461024000,1451591.0
387,1461110400,1451591.0
388,1461196800,1451590.9999999998
389,1461283200,1451591.0
390,1461369600,1451591.0
391,1461456000,1451590.9999999998
392,1461542400,1451591.0
393,1461628800,1451591.0
394,1461715200,1451591.0
395,1461801600,1451590.9999999998
396,1461888000,1951591.0
397,1461974400,1951590.9999999995
398,1462060800,1951591.0
399,1462147200,1951591.0
400,1462233600,1951590.9999999998
401,1462320000,1951590.9999999998
402,1462406400,1951591.0
403,1462492800,1951590.9999999995
404,1462579200,1951591.0
405,1462665600,1951591.0
406,1462752000,1951591.0
407,1462838400,1951591.0
408,1462924800,1951591.0
409,1463011200,1951591.0
410,1463097600,1951590.9999999995
411,1463184000,1951590.9999999998
412,1463270400,1951591.0
413,1463356800,1951591.0
414,1463443200,1951591.0
415,1463529600,1951590.9999999995
416,1463616000,1951591.0
417,1463702400,1951591.0
418,1463788800,1951591.0
419,1463875200,1951591.0
420,1463961600,1951591.0
421,1464048000,1951590.9999999998
422,1464134400,1951591.0
423,1464220800,1951591.0
424,1464307200,1951591.0
425,1464393600,1951591.0
426,1464480000,1951591.0
427,1464566400,1951590.9999999998
428,1464652800,1951591.0
429,1464739200,2951591.0
430,1464825600,2951591.0
431,1464912000,2951591.0
432,1464998400,2951591.0
433,1465084800,2951591.0
434,1465171200,2951591.0
435,1465257600,2951591.0
436,1465344000,2951591.0
437,1465430400,2951591.0
438,1465516800,2951591.0
439,1465603200,2951591.0
440,1465689600,2951591.0
441,1465776000,2951591.0
442,1465862400,5951591.0
443,1465948800,5951591.0
444,1466035200,5951585.048409
445,1466121600,5951585.048409
446,1466208000,5951585.048409
447,1466294400,5951585.048409
448,1466380800,5951591.0
449,1466467200,5951591.0
450,1466553600,5951591.0
451,1466640000,5951591.0
452,1466726400,5951591.0
453,1466812800,5951591.0
454,1466899200,5951591.0
455,1466985600,5951257.710904
456,1467072000,5951591.0
457,1467158400,5951591.0
458,1467244800,5951591.0
459,1467331200,5951591.0
460,1467417600,5951591.0
461,1467504000,5951591.0
462,1467590400,5951591.0
463,1467676800,5951591.0
464,1467763200,5951591.0
465,1467849600,5951537.435681
466,1467936000,5951585.048409
467,1468022400,5951585.048409
468,1468108800,5951585.048409
469,1468195200,5951591.0
470,1468281600,6951591.0
471,1468368000,6951591.0
472,1468454400,6951591.0
473,1468540800,6951591.0
474,1468627200,6951591.0
475,1468713600,6951591.0
476,1468800000,6951591.0
477,1468886400,6951591.0
478,1468972800,6951591.0
479,1469059200,6951591.0
480,1469145600,6951591.0
481,1469232000,6951591.0
482,1469318400,6951591.0
483,1469404800,6951584.048409
484,1469491200,6951591.0
485,1469577600,6951591.0
486,1469664000,6951591.0
487,1469750400,6951591.0
488,1469836800,6951591.0
489,1469923200,6951396.355452
490,1470009600,6951584.048409
491,1470096000,6951556.242045
492,1470182400,6951563.193636
493,1470268800,6951563.193636
494,1470355200,6950485.697031
495,1470441600,6948511.445187
496,1470528000,6948511.445187
497,1470614400,6948511.445187
498,1470700800,6948511.445187
499,1470787200,6771593.454236999
500,1470873600,6690162.517263001
501,1470960000,6687833.734278
502,1471046400,6951584.048409
503,1471132800,6951584.048409
504,1471219200,6951584.048409
505,1471305600,6951591.0
506,1471392000,6951591.0
507,1471478400,6951591.0
508,1471564800,6951591.0
509,1471651200,6951591.0
510,1471737600,6951591.0
511,1471824000,6951591.0
512,1471910400,6951591.0
513,1471996800,6951591.0
514,1472083200,6951591.0
515,1472169600,6951591.0
516,1472256000,6951591.0
517,1472342400,6951591.0
518,1472428800,6951591.0
519,1472515200,6951591.0
520,1472601600,6951591.0
521,1472688000,6951591.0
522,1472774400,6951591.0
523,1472860800,6951591.0
524,1472947200,6951591.0
525,1473033600,6951591.0
526,1473120000,6951591.0
527,1473206400,6951591.0
528,1473292800,6951591.0
529,1473379200,6951591.0
530,1473465600,6951591.0
531,1473552000,6951591.0
532,1473638400,6951591.0
533,1473724800,6951591.0
534,1473811200,6951591.0
535,1473897600,6951542.338863
536,1473984000,6951584.048409
537,1474070400,6951584.048409
538,1474156800,6951055.727493
539,1474243200,6951584.048408999
540,1474329600,6951584.048409
541,1474416000,6951500.629317
542,1474502400,6951584.048408999
543,1474588800,6951584.048409
544,1474675200,6951584.048409
545,1474761600,6951591.0
546,1474848000,6951591.0
547,1474934400,6951591.0
548,1475020800,6951591.0
549,1475107200,6951591.0
550,1475193600,6951591.0
551,1475280000,6951591.0
552,1475366400,6951577.096818001
553,1475452800,6951577.096818001
554,1475539200,6951591.0
555,1475625600,6951591.0
556,1475712000,6951591.0
557,1475798400,6951591.0
558,1475884800,6951591.0
559,1475971200,6951591.0
560,1476057600,6951591.0
561,1476144000,6951591.0
562,1476230400,6951591.0
563,1476316800,6951591.0
564,1476403200,6951584.048409
565,1476489600,6951591.0
566,1476576000,6951591.0
567,1476662400,6951591.0
568,1476748800,6951591.0
569,1476835200,6951591.0
570,1476921600,6951591.0
571,1477008000,6951590.0
572,1477094400,6951590.0
573,1477180800,6951590.0
574,1477267200,6951590.0
575,1477353600,6951590.0
576,1477440000,6951590.0
577,1477526400,6951590.0
578,1477612800,6951590.0
579,1477699200,6951590.0
580,1477785600,6951590.0
581,1477872000,6951590.0
582,1477958400,6951589.0
583,1478044800,6951589.0
584,1478131200,6951589.0
585,1478217600,6951589.0
586,1478304000,6951589.0
587,1478390400,6951589.0
588,1478476800,6951589.0
589,1478563200,6951589.0
590,1478649600,6951589.0
591,1478736000,6951568.145233
592,1478822400,6951589.0
593,1478908800,6951590.0
594,1478995200,6951590.0
595,1479081600,6951590.0
596,1479168000,6951590.0
597,1479254400,6951590.0
598,1479340800,6951590.0
599,1479427200,6951590.0
600,1479513600,6951590.0
601,1479600000,6951590.0
602,1479686400,6951590.0
603,1479772800,6951590.0
604,1479859200,6951590.0
605,1479945600,6951590.0
606,1480032000,6951590.0
607,1480118400,6951590.0
608,1480204800,6951590.0
609,1480291200,6951590.0
610,1480377600,6951590.0
611,1480464000,6951590.0
612,1480550400,6951590.0
613,1480636800,6951590.0
614,1480723200,6951590.0
615,1480809600,6951590.0
616,1480896000,6951590.0
617,1480982400,6951590.0
618,1481068800,6951590.0
619,1481155200,6951590.0
620,1481241600,6951590.0
621,1481328000,6951590.0
622,1481414400,6951590.0
623,1481500800,6951590.0
624,1481587200,6951590.0
625,1481673600,6951590.0
626,1481760000,6951590.0
627,1481846400,6951590.0
628,1481932800,6951590.0
629,1482019200,6951590.0
630,1482105600,6951590.0
631,1482192000,6951590.0
632,1482278400,6951590.0
633,1482364800,6951590.0
634,1482451200,6951590.0
635,1482537600,6951590.0
636,1482624000,6951590.0
637,1482710400,6951590.0
638,1482796800,6951590.0
639,1482883200,6951590.0
640,1482969600,6951590.0
641,1483056000,9951590.0
642,1483142400,9951590.0
643,1483228800,9951590.0
644,1483315200,9951590.0
645,1483401600,9951590.0
646,1483488000,9951590.0
647,1483574400,14951590.0
648,1483660800,14951591.0
649,1483747200,14951591.0
650,1483833600,14951591.0
651,1483920000,14951591.0
652,1484006400,14951571.0
653,1484092800,14951571.0
654,1484179200,14951571.0
655,1484265600,14951571.0
656,1484352000,14951571.0
657,1484438400,14951571.0
658,1484524800,14951571.0
659,1484611200,14951571.0
660,1484697600,14951571.0
661,1484784000,14951571.0
662,1484870400,14951571.0
663,1484956800,14951591.0
664,1485043200,14951591.0
665,1485129600,14951591.0
666,1485216000,14951591.0
667,1485302400,14951591.0
668,1485388800,14951591.0
669,1485475200,14951591.0
670,1485561600,14951591.0
671,1485648000,14951591.0
672,1485734400,14951591.0
673,1485820800,24951491.193636
674,1485907200,24951566.048409
675,1485993600,24951441.290454
676,1486080000,24951541.096818004
677,1486166400,24951566.048409
678,1486252800,24951566.048409
679,1486339200,24951541.096818004
680,1486425600,24951546.048429
681,1486512000,24950971.049004
682,1486598400,24950971.049004
683,1486684800,24950971.049004
684,1486771200,24950971.049004
685,1486857600,24950971.049004
686,1486944000,24950996.0
687,1487030400,24950996.0
688,1487116800,24950996.0
689,1487203200,24950996.0
690,1487289600,24950996.0
691,1487376000,24950996.0
692,1487462400,24948650.606376
693,1487548800,24950996.0
694,1487635200,24950996.0
695,1487721600,24950996.0
696,1487808000,24950996.0
697,1487894400,24950946.098008003
698,1487980800,24950996.0
699,1488067200,24950986.0
700,1488153600,24950994.0
701,1488240000,24950245.47018
702,1488326400,24950944.098012004
703,1488412800,24950994.0
704,1488499200,24950994.0
705,1488585600,24950994.0
706,1488672000,24950994.0
707,1488758400,24950378.0
708,1488844800,34950378.0
709,1488931200,34950378.0
710,1489017600,34947302.366736
711,1489104000,34949888.694708
712,1489190400,34950378.0
713,1489276800,34950378.0
714,1489363200,34950378.0
715,1489449600,34950363.0
716,1489536000,34950363.0
717,1489622400,34950363.0
718,1489708800,44950863.0
719,1489795200,44950863.0
720,1489881600,44950863.0
721,1489968000,44950863.0
722,1490054400,44950863.0
723,1490140800,44950863.0
724,1490227200,44950863.0
725,1490313600,44946278.011974
726,1490400000,44947446.734412
727,1490486400,44950853.0
728,1490572800,44950853.0
729,1490659200,44950853.0
730,1490745600,54947171.292849
731,1490832000,54950578.245735
732,1490918400,54948877.769183986
733,1491004800,54929547.06321599
734,1491091200,54950868.0
735,1491177600,54935536.707828
736,1491264000,54950868.0
737,1491350400,54950868.0
738,1491436800,54947735.800524
739,1491523200,54943779.338028
740,1491609600,54935811.462168
741,1491696000,54933393.623976
742,1491782400,54946416.979692
743,1491868800,54942243.713253
744,1491955200,50722714.334205
745,1492041600,50721090.533469
746,1492128000,50683743.116541
747,1492214400,50740677.629847
748,1492300800,50720684.583285
749,1492387200,50707034.508348
750,1492473600,60720811.853806
751,1492560000,54799389.130101
752,1492646400,54685108.36224
753,1492732800,53921581.349998
754,1492819200,51551671.254135
755,1492905600,50428865.493495
756,1492992000,50234068.866942
757,1493078400,59173319.87457
758,1493164800,57269672.90044
759,1493251200,57451548.079629
760,1493337600,58061162.278228
761,1493424000,59056951.467969
762,1493510400,59030847.561555
763,1493596800,58985214.033612
764,1493683200,58813389.532501
765,1493769600,57343290.06624
766,1493856000,59017937.982252
767,1493942400,59620254.170556
768,1494028800,60442604.225412
769,1494115200,60471621.737592
770,1494201600,60358457.385787
771,1494288000,60557091.306183
772,1494374400,61153035.423858
773,1494460800,61237960.515204
774,1494547200,60739540.0051
775,1494633600,61009403.38845
776,1494720000,61257615.304974
777,1494806400,60650909.871224
778,1494892800,60409623.541538
779,1494979200,60275279.568024
780,1495065600,60573096.883593
781,1495152000,61690581.490608
782,1495238400,61880322.447432
783,1495324800,62394264.0
784,1495411200,62394332.0
785,1495497600,62394332.0
786,1495584000,69762208.44
787,1495670400,72497981.32
788,1495756800,97843500.7
789,1495843200,108143500.7
790,1495929600,109193437.6
791,1496016000,107093563.8
792,1496102400,106043626.9
793,1496188800,108143500.7
794,1496275200,108143500.7
795,1496361600,108143500.7
796,1496448000,107093563.8
797,1496534400,106043626.9
798,1496620800,107093563.8
799,1496707200,104993690.0
800,1496793600,106043626.9
801,1496880000,127493815.0
802,1496966400,127416936.229555
803,1497052800,130043691.3
804,1497139200,128768753.15
805,1497225600,130043691.3
806,1497312000,128768753.15
807,1497398400,131318629.45
808,1497484800,128768753.15
809,1497571200,130043691.3
810,1497657600,126108339.712395
811,1497744000,127493815.0
812,1497830400,126486103.88624
813,1497916800,140922380.451375
814,1498003200,141818179.92195
815,1498089600,140886351.68895
816,1498176000,144693825.0
817,1498262400,146140763.25
818,1498348800,146140763.25
819,1498435200,140449521.031275
820,1498521600,146140763.25
821,1498608000,146140763.25
822,1498694400,219280202.82
823,1498780800,217130396.91
824,1498867200,219280202.82
825,1498953600,222180396.91
826,1499040000,219980581.0
827,1499126400,219402252.052551
828,1499212800,219358475.916932
829,1499299200,219981353.0
830,1499385600,222181166.53
831,1499472000,219981353.0
832,1499558400,222181166.53
833,1499644800,234705484.891578
834,1499731200,261571065.53
835,1499817600,268981303.0
836,1499904000,292376141.28
837,1499990400,289481328.0
838,1500076800,294481328.0
839,1500163200,294481328.0
840,1500249600,294501318.0
841,1500336000,308496986.22309
842,1500422400,309501318.0
843,1500508800,317390677.392382
844,1500595200,319501318.0
845,1500681600,318346635.254818
846,1500768000,317542450.449997
847,1500854400,317398994.36046
848,1500940800,318620128.378746
849,1501027200,319501313.0
850,1501113600,318936334.855416
851,1501200000,319455524.326541
852,1501286400,318938890.86512
853,1501372800,319434117.74527
854,1501459200,319501213.0
855,1501545600,318458361.040768
856,1501632000,319218773.927708
857,1501718400,309853219.354191
858,1501804800,319501197.0
859,1501891200,319501197.0
860,1501977600,319501202.0
861,1502064000,319501202.0
862,1502150400,319501202.0
863,1502236800,319167323.24391
864,1502323200,319055817.324412
865,1502409600,319143360.65376
866,1502496000,319501202.0
867,1502582400,318926738.838804
868,1502668800,319261356.522198
869,1502755200,322696315.02
870,1502841600,318973166.347794
871,1502928000,319501302.0
872,1503014400,316391931.173224
873,1503100800,325891344.36
874,1503187200,318439615.120286
875,1503273600,319501318.0
876,1503360000,322696331.18
877,1503446400,319501318.0
878,1503532800,319501318.0
879,1503619200,319501268.0
880,1503705600,319501268.0
881,1503792000,319501268.0
882,1503878400,319498558.0
883,1503964800,319498507.0
884,1504051200,319498507.0
885,1504137600,319498508.0
886,1504224000,322693265.83
887,1504310400,350878248.66
888,1504396800,363998283.0
889,1504483200,377602248.66
890,1504569600,389050265.83
891,1504656000,385198282.0
892,1504742400,393697782.0
893,1504828800,397634759.82
894,1504915200,403697782.0
895,1505001600,407734759.82
896,1505088000,403700492.0
897,1505174400,403700492.0
898,1505260800,413700492.0
899,1505347200,418603772.186348
900,1505433600,441955574.284504
901,1505520000,443888332.34956
902,1505606400,444591877.52434
903,1505692800,443193636.79962
904,1505779200,443158238.30026
905,1505865600,441591412.222338
906,1505952000,445507813.69528
907,1506038400,444649400.0858
908,1506124800,442852921.23908
909,1506211200,444423729.63043
910,1506297600,442764424.99168
911,1506384000,427894442.2604
912,1506470400,428488057.98448
913,1506556800,426695680.147096
914,1506643200,438276703.44816
915,1506729600,435686576.294488
916,1506816000,436468042.385224
917,1506902400,437459298.03052
918,1506988800,438049331.15272
919,1507075200,437363144.48468
920,1507161600,437100907.54148
921,1507248000,437468039.26196
922,1507334400,436584742.819493
923,1507420800,436335617.720603
924,1507507200,437188324.85733
925,1507593600,437065947.61577
926,1507680000,436143310.626723
927,1507766400,436865336.351927
928,1507852800,437393743.79852
929,1507939200,438346638.33038
930,1508025600,436749614.962622
931,1508112000,436310367.977237
932,1508198400,438302932.16268
933,1508284800,437341396.47328
934,1508371200,437634227.79687
935,1508457600,438044960.537
936,1508544000,437703646.91549
937,1508630400,437786688.53722
938,1508716800,435320352.371839
939,1508803200,436836080.498995
940,1508889600,438010090.81739
941,1508976000,436764902.128107
942,1509062400,437385092.63358
943,1509148800,437857119.23394
944,1509235200,452055790.198329
945,1509321600,451082049.367611
946,1509408000,451492973.422914
947,1509494400,451205462.202702
948,1509580800,452644826.55043
949,1509667200,488532593.23434
950,1509753600,496398578.68491
951,1509840000,493654560.186392
952,1509926400,496502331.63498
953,1510012800,515372524.25085
954,1510099200,499758198.02051
955,1510185600,537388871.18541
956,1510272000,565364649.45077
957,1510358400,597346828.01851
958,1510444800,598321089.15239
959,1510531200,599946432.95736
960,1510617600,597380274.62712
961,1510704000,596911000.30284
962,1510790400,609862457.282624
963,1510876800,645434971.8904
964,1510963200,645498058.686
965,1511049600,675398808.7712
966,1511136000,674246640.39239
967,1511222400,673371208.41388
968,1511308800,673597997.26876
969,1511395200,675338061.7565
970,1511481600,677025478.8315
971,1511568000,678652148.8918
972,1511654400,684545632.63541
973,1511740800,676554013.42165
974,1511827200,675352570.66823
975,1511913600,753155768.99724
976,1512000000,770817102.3972
977,1512086400,770465654.41712
978,1512172800,813716975.598588
979,1512259200,808849965.874896
980,1512345600,815458158.70596
981,1512432000,815938428.94128
982,1512518400,821587709.3364
983,1512604800,839414689.2576
984,1512691200,828303352.4574
985,1512777600,829044108.24408
986,1512864000,827578877.01768
987,1512950400,847994833.6236
988,1513036800,901154972.79288
989,1513123200,906317625.59208
990,1513209600,975026426.11416
991,1513296000,1035362386.26192
992,1513382400,1127398787.93652
993,1513468800,1130923692.58272
994,1513555200,1134907394.3416
995,1513641600,1186948145.3469
996,1513728000,1169716348.4943
997,1513814400,1228224344.44384
998,1513900800,1261149312.73795
999,1513987200,1281430508.524
1000,1514073600,1253658060.2404
1001,1514160000,1231842071.25973
1002,1514246400,1223510336.77465
1003,1514332800,1222596769.3969
1004,1514419200,1280149371.34987
1005,1514505600,1372549809.86862
1006,1514592000,1393290051.79754
1007,1514678400,1384972065.58858
1008,1514764800,1380279517.44767
1009,1514851200,1373452749.16104
1010,1514937600,1389678294.62786
1011,1515024000,1472112403.15338
1012,1515110400,1467642069.599715
1013,1515196800,1480612643.30961
1014,1515283200,1470042396.48321
1015,1515369600,1486176703.79184
1016,1515456000,1474241133.41703
1017,1515542400,1471466443.6251
1018,1515628800,1477133270.39592
1019,1515715200,1473800706.46593
1020,1515801600,1471481124.52347
1021,1515888000,1493076726.02574
1022,1515974400,1479012425.38728
1023,1516060800,1667199879.47805
1024,1516147200,1651892740.29247
1025,1516233600,1653834449.28007
1026,1516320000,1627071227.06765
1027,1516406400,1623851226.32988
1028,1516492800,1622945095.469
1029,1516579200,1606354810.260781
1030,1516665600,1629643991.47622
1031,1516752000,1625954744.39978
1032,1516838400,1616581144.262141
1033,1516924800,1605304669.316654
1034,1517011200,1610901645.473411
1035,1517097600,2252858690.033376
1036,1517184000,2269639107.04296
1037,1517270400,2266183243.262952
1038,1517356800,2224566037.382556
1039,1517443200,2201862496.650726
1040,1517529600,2169643006.341678
1041,1517616000,2193721155.581718
1042,1517702400,2215748449.568808
1043,1517788800,2208046102.380972
1044,1517875200,2240775535.07724
1045,1517961600,2207205806.012466
1046,1518048000,2216289431.927424
1047,1518134400,2256871977.38688
1048,1518220800,2220887781.97566
1049,1518307200,2229312917.06886
1050,1518393600,2231929143.22938
1051,1518480000,2220377839.58844
1052,1518566400,2225255549.37924
1053,1518652800,2211790853.215818
1054,1518739200,2219624011.71168
1055,1518825600,2222129380.8315
1056,1518912000,2230953601.27122
1057,1518998400,2224435207.27806
1058,1519084800,2216613134.486268
1059,1519171200,2218471098.4884
1060,1519257600,2219978754.24192
1061,1519344000,2224213493.19666
1062,1519430400,2212254235.645944
1063,1519516800,2230332801.8433
1064,1519603200,2228315203.70256
1065,1519689600,2219801382.9768
1066,1519776000,2214462507.896688
1067,1519862400,2221331210.13846
1068,1519948800,2218537612.71282
1069,1520035200,2214677570.555646
1070,1520121600,2219867897.20122
1071,1520208000,2209485026.769258
1072,1520294400,2212265321.350014
1073,1520380800,2218670641.16166
1074,1520467200,2223747893.62572
1075,1520553600,2224257836.01294
1076,1520640000,2220887781.97566
1077,1520726400,2222705837.44314
1078,1520812800,2237738052.16206
1079,1520899200,2215546689.754734
1080,1520985600,2215409227.024266
1081,1521072000,2207921942.495388
1082,1521158400,2221353381.5466
1083,1521244800,2217783784.83606
1084,1521331200,2221065153.24078
1085,1521417600,2209434032.530536
1086,1521504000,2214400427.953896
1087,1521590400,2227694404.27464
1088,1521676800,2218825841.01864
1089,1521763200,2226894995.118516
1090,1521849600,2291385592.0750966
1091,1521936000,2296296330.8170414
1092,1522022400,2296528456.7791467
1093,1522108800,2301321362.1634126
1094,1522195200,2309822839.238446
1095,1522281600,2238880391.826835
1096,1522368000,2280612736.793049
1097,1522454400,2298131273.6880517
1098,1522540800,2298306208.0750136
1099,1522627200,2304180416.0131545
1100,1522713600,2295612024.071123
1101,1522800000,2298316481.8132796
1102,1522886400,2297257386.6221857
1103,1522972800,2296829695.4868236
1104,1523059200,2299972010.622151
1105,1523145600,2297818366.636689
1106,1523232000,2295947686.652895
1107,1523318400,2291133436.655548
1108,1523404800,2294109527.7256727
1109,1523491200,2285432210.288576
1110,1523577600,2296308364.637262
1111,1523664000,2286885682.7790074
1112,1523750400,2293986728.247464
1113,1523836800,2297561188.9317026
1114,1523923200,2298399111.8077717
1115,1524009600,2292678917.844154
1116,1524096000,2296665155.270081
1117,1524182400,2298072562.245749
1118,1524268800,2296400332.54073
1119,1524355200,2296848161.963807
1120,1524441600,2302922037.801937
1121,1524528000,2302201651.519817
1122,1524614400,2303558234.7199516
1123,1524700800,2431296520.073805
1124,1524787200,2430123186.5743337
1125,1524873600,2423306911.243341
1126,1524960000,2426804179.718598
1127,1525046400,2429856237.125196
1128,1525132800,2426137455.5732656
1129,1525219200,2426549903.5713377
1130,1525305600,2326757167.8088145
1131,1525392000,2384490275.5561748
1132,1525478400,2273147628.058937
1133,1525564800,2261425770.0593357
1134,1525651200,2192614336.313483
1135,1525737600,2165961437.2963414
1136,1525824000,2116785190.7592602
1137,1525910400,2120750997.0278425
1138,1525996800,2119159831.1349938
1139,1526083200,2126211544.065153
1140,1526169600,2233902239.694362
1141,1526256000,2222517385.743831
1142,1526342400,2223358641.9328666
1143,1526428800,2220534559.5983872
1144,1526515200,2329886527.83202
1145,1526601600,2327175879.8085027
1146,1526688000,2520246604.1244106
1147,1526774400,2527056827.5319505
1148,1526860800,2529624786.826375
1149,1526947200,2521846683.663291
1150,1527033600,2534032460.137532
1151,1527120000,2542129425.582777
1152,1527206400,2544535009.647337
1153,1527292800,2553260613.319795
1154,1527379200,2545738318.720024
1155,1527465600,2545720655.4441233
1156,1527552000,2556253701.726516
1157,1527638400,2543617943.3621216
1158,1527724800,2543219993.8701935
1159,1527811200,2552454312.7781734
1160,1527897600,2555270491.988691
1161,1527984000,2549983045.4821215
1162,1528070400,2554041785.8558908
1163,1528156800,2557960440.7641654
1164,1528243200,2548864153.683646
1165,1528329600,2546260869.939745
1166,1528416000,2548936547.0008016
1167,1528502400,2554252384.1773925
1168,1528588800,2560065568.2319145
1169,1528675200,2558028653.2237167
1170,1528761600,2556354394.684329
1171,1528848000,2561156505.3399234
1172,1528934400,2559558933.1035075
1173,1529020800,2560749407.748293
1174,1529107200,2656326302.4247904
1175,1529193600,2660996550.720804
1176,1529280000,2669615737.497476
1177,1529366400,2669478974.02896
1178,1529452800,2671603854.275862
1179,1529539200,2666085397.2505956
1180,1529625600,2675481209.54112
1181,1529712000,2690933678.7734966
1182,1529798400,2693932237.1246853
1183,1529884800,2686615165.762981
1184,1529971200,2788312839.2556524
1185,1530057600,2791015004.353167
1186,1530144000,2791611270.0255537
1187,1530230400,2788935323.298091
1188,1530316800,2793850206.4246902
1189,1530403200,2792208590.1932797
1190,1530489600,2792350261.7177544
1191,1530576000,2794992055.5857964
1192,1530662400,2795710838.442441
1193,1530748800,2807505366.9135046
1194,1530835200,2801389901.563774
1195,1530921600,2715670803.3572965
1196,1531008000,2723944349.1293435
1197,1531094400,2697542623.21022
1198,1531180800,2701859298.0442414
1199,1531267200,2709337428.3791275
1200,1531353600,2922702437.1524506
1201,1531440000,2815118580.1501412
1202,1531526400,2954362585.0135155
1203,1531612800,3151852886.5875816
1204,1531699200,3151405794.785813
1205,1531785600,3282620299.778798
1206,1531872000,3163183338.5639143
1207,1531958400,2971227892.0885067
1208,1532044800,3132792453.134427
1209,1532131200,2980326595.555764
1210,1532217600,3318460062.329679
1211,1532304000,3412858512.8897324
1212,1532390400,3519639235.5229096
1213,1532476800,2567909546.6287484
1214,1532563200,2565271640.1751895
1215,1532649600,2566324846.0363708
1216,1532736000,2567173368.9072266
1217,1532822400,2566834506.4196486
1218,1532908800,2561492838.7018123
1219,1532995200,2560176201.195939
1220,1533081600,2511583621.050364
1221,1533168000,2457942376.305729
1222,1533254400,2471202943.8825865
1223,1533340800,2494325578.5324616
1224,1533427200,2487263479.9550185
1225,1533513600,2375972779.487909
1226,1533600000,2688563874.8860536
1227,1533686400,2450055220.826719
1228,1533772800,2736375079.328528
1229,1533859200,2492386163.584168
1230,1533945600,2456861121.8772883
1231,1534032000,2468462783.3344216
1232,1534118400,2436226858.8081293
1233,1534204800,2471407858.9264035
1234,1534291200,2508581141.457768
1235,1534377600,2500744846.466707
1236,1534464000,2471668672.6327167
1237,1534550400,2499980397.823233
1238,1534636800,2505319822.276035
1239,1534723200,2505033594.779031
1240,1534809600,2791475407.09507
1241,1534896000,2795907181.8536305
1242,1534982400,2785915495.54138
1243,1535068800,2800963633.7498827
1244,1535155200,2801427506.450476
1245,1535241600,2796648719.8403583
1246,1535328000,2797680557.6057415
1247,1535414400,2806635486.4357
1248,1535500800,2789083511.185557
1249,1535587200,2802120429.4018536
1250,1535673600,2795204185.4647493
1251,1535760000,2890612235.658301
1252,1535846400,2889820779.3469872
1253,1535932800,2887421705.61542
1254,1536019200,2883709470.5997677
1255,1536105600,2885372808.6399736
1256,1536192000,2873286893.277778
1257,1536278400,2890209354.0274897
1258,1536364800,2891272127.5843606
1259,1536451200,2891646794.378815
1260,1536537600,2901325102.8894005
1261,1536624000,2894981603.2261157
1262,1536710400,2895531995.1971908
1263,1536796800,2894969820.936037
1264,1536883200,2870735033.7217784
1265,1536969600,2872624930.694589
1266,1537056000,2875712791.3153
1267,1537142400,2878370218.1951942
1268,1537228800,2876578401.0618496
1269,1537315200,2879864103.5269537
1270,1537401600,2883455237.420149
1271,1537488000,2886181209.7366724
1272,1537574400,2882941298.5085335
1273,1537660800,2893578863.3519416
1274,1537747200,2879798413.444602
1275,1537833600,2883264384.520887
1276,1537920000,2878990781.4537883
1277,1538006400,2883658431.019936
1278,1538092800,2898750661.344221
1279,1538179200,2891624895.6636214
1280,1538265600,2891646350.8893576
1281,1538352000,2891559045.0725265
1282,1538438400,2892616314.55551
1283,1538524800,2901537362.278666
1284,1538611200,2902926975.2336555
1285,1538697600,2907049171.5993032
1286,1538784000,2903036592.073841
1287,1538870400,2908177972.916597
1288,1538956800,2904423863.484288
1289,1539043200,2919918029.9786563
1290,1539129600,2915262664.4401035
1291,1539216000,2915223183.191545
1292,1539302400,2941289662.57149
1293,1539388800,2947025222.905353
1294,1539475200,2947312200.8521276
1295,1539561600,2977751655.0120244
1296,1539648000,2984414486.2627826
1297,1539734400,2993671070.7606926
1298,1539820800,2961257267.3968096
1299,1539907200,2964768032.0739093
1300,1539993600,2983157473.2542033
1301,1540080000,2983971040.5869966
1302,1540166400,2980471441.4778557
1303,1540252800,3029839115.9852624
1304,1540339200,2474666558.0317745
1305,1540425600,2444773820.624335
1306,1540512000,2446332383.8879604
1307,1540598400,2445071446.91366
1308,1540684800,2453835924.470316
1309,1540771200,2466070708.506705
1310,1540857600,2464635120.0736837
1311,1540944000,2467873381.750687
1312,1541030400,2472904703.298478
1313,1541116800,2498761660.3828125
1314,1541203200,2501955057.4002595
1315,1541289600,2496566864.1950917
1316,1541376000,2451138343.603083
1317,1541462400,2482182180.2891283
1318,1541548800,2482483218.800084
1319,1541635200,2487016234.643908
1320,1541721600,2491871974.711458
1321,1541808000,2485742869.436941
1322,1541894400,2483994671.3404193
1323,1541980800,2484376026.171578
1324,1542067200,2482746033.460603
1325,1542153600,2483841751.1766076
1326,1542240000,2463177883.798976
1327,1542326400,2481220462.576485
1328,1542412800,2485964458.031947
1329,1542499200,2488610494.490246
1330,1542585600,2498247567.600404
1331,1542672000,2493510480.475584
1332,1542758400,2499056748.7712398
1333,1542844800,2535223677.6635017
1334,1542931200,2538063664.693322
1335,1543017600,2545482090.72844
1336,1543104000,2530144214.542406
1337,1543190400,2541701586.110389
1338,1543276800,2544427655.6685476
1339,1543363200,2545480772.7056937
1340,1543449600,2567019177.1524014
1341,1543536000,2596654580.8400645
1342,1543622400,2594198268.443294
1343,1543708800,2597368325.367627
1344,1543795200,2607462486.3903675
1345,1543881600,2607986137.6916785
1346,1543968000,2597431858.510561
1347,1544054400,2588915462.9603715
1348,1544140800,2598821646.538635
1349,1544227200,2627130205.3805404
1350,1544313600,2620776873.6330047
1351,1544400000,2605034293.4672375
1352,1544486400,2624495249.4437556
1353,1544572800,2628638342.1208897
1354,1544659200,2625797702.170607
1355,1544745600,2623866157.098366
1356,1544832000,2639861276.2781157
1357,1544918400,2630443437.126486
1358,1545004800,2623421922.7473106
1359,1545091200,2656695572.803762
1360,1545177600,2683666012.765642
1361,1545264000,2651565568.7744446
1362,1545350400,2656987722.1002483
1363,1545436800,2647906751.242044
1364,1545523200,2678115248.4993076
1365,1545609600,2658977778.8886747
1366,1545696000,2654977561.689148
1367,1545782400,2647706612.4385533
1368,1545868800,2662641757.996611
1369,1545955200,2645944485.4640055
1370,1546041600,2652113532.0742497
1371,1546128000,2646200268.6461773
1372,1546214400,2669428420.8394113
1373,1546300800,2674642008.908893
1374,1546387200,2703709059.58025
1375,1546473600,2704764670.7837915
1376,1546560000,2695031975.5119405
1377,1546646400,2705579366.1041374
1378,1546732800,2704941935.2554893
1379,1546819200,2725358848.048984
1380,1546905600,2728311073.9506726
1381,1546992000,2740761793.6735854
1382,1547078400,2756188666.599886
1383,1547164800,2769904750.8889275
1384,1547251200,2768590139.1908317
1385,1547337600,2768115599.8227086
1386,1547424000,2781456182.769656
1387,1547510400,2768423492.1058283
1388,1547596800,2757771700.306764
1389,1547683200,2772071913.913638
1390,1547769600,2763694676.0329523
1391,1547856000,2755634244.5649433
1392,1547942400,2761308408.692397
1393,1548028800,2754140450.733413
1394,1548115200,2752543505.7151856
1395,1548201600,2753226171.358011
1396,1548288000,2747045842.277689
1397,1548374400,2744414714.350031
1398,1548460800,2738559960.0293126
1399,1548547200,2745377590.1416416
1400,1548633600,2738101369.5768113
1401,1548720000,2721549479.170955
1402,1548806400,2723049931.91947
1403,1548892800,2703636356.414423
1404,1548979200,2702144784.142956
1405,1549065600,2697366698.4928083
1406,1549152000,2700236090.9873133
1407,1549238400,2696437607.846643
1408,1549324800,2686928706.693926
1409,1549411200,2684794197.7619977
1410,1549497600,2677626094.1734643
1411,1549584000,2678413123.694189
1412,1549670400,2684628164.277866
1413,1549756800,2677744820.75313
1414,1549843200,2648939175.4482493
1415,1549929600,2647081402.5379324
1416,1550016000,2644342460.5807257
1417,1550102400,2633806300.3334494
1418,1550188800,2633156740.9366603
1419,1550275200,2628367185.881506
1420,1550361600,2630855864.852664
1421,1550448000,2624039985.69732
1422,1550534400,2625231348.900549
1423,1550620800,2630042982.909576
1424,1550707200,2628413821.7214766
1425,1550793600,2616907257.853156
1426,1550880000,2616710233.852436
1427,1550966400,2612459297.5774574
1428,1551052800,2607217251.754961
1429,1551139200,2605978590.088495
1430,1551225600,2612739185.6058125
1431,1551312000,2614475718.76187
1432,1551398400,2610831273.9235244
1433,1551484800,2609351173.885027
1434,1551571200,2615195418.907669
1435,1551657600,2620650122.422241
1436,1551744000,2619697406.5057817
1437,1551830400,2621099361.1708045
1438,1551916800,2613670775.3447976
1439,1552003200,2620990559.7555017
1440,1552089600,2619560498.759574
1441,1552176000,2620817313.9154963
1442,1552262400,2617258361.3811646
1443,1552348800,2617631290.17682
1444,1552435200,2616909468.6834097
1445,1552521600,2616363819.36518
1446,1552608000,2616927863.93614
1447,1552694400,2617827972.692684
1448,1552780800,2614587891.987513
1449,1552867200,2618318370.025813
1450,1552953600,2623081417.4106503
1451,1553040000,2620923945.771478
1452,1553126400,2626393243.3392205
1453,1553212800,2626797130.0277824
1454,1553299200,2627655748.643606
1455,1553385600,2633730354.054786
1456,1553472000,2629628422.854571
1457,1553558400,2622426429.171577
1458,1553644800,2629487873.690088
1459,1553731200,2622821004.1331286
1460,1553817600,2624544702.613446
1461,1553904000,2624341438.9589524
1462,1553990400,2625699379.4915385
1463,1554076800,2623881540.478069
1464,1554163200,2617971901.158085
1465,1554249600,2631165434.882565
1466,1554336000,2633423191.330482
1467,1554422400,2624614638.2642016
1468,1554508800,2632063168.8458996
1469,1554595200,2621091145.9645066
1470,1554681600,2630567677.2858996
1471,1554768000,2643344129.4605923
1472,1554854400,2641034488.401656
1473,1554940800,2627290033.6117716
1474,1555027200,2632136581.661232
1475,1555113600,2633525714.158111
1476,1555200000,2635909844.885675
1477,1555286400,2638037540.6692495
1478,1555372800,2629303163.8081293
1479,1555459200,2632260565.462068
1480,1555545600,2626925283.963466
1481,1555632000,2626809923.980324
1482,1555718400,2628954578.8684425
1483,1555804800,2626717151.6131797
1484,1555891200,2630841413.795649
1485,1555977600,2622833702.1467876
1486,1556064000,2631650794.250476
1487,1556150400,2645015900.714813
1488,1556236800,2663006315.674027
1489,1556323200,2685243996.9415803
1490,1556409600,2688847176.594267
1491,1556496000,2697619821.8684993
1492,1556582400,2709860926.2089825
1493,1556668800,2723120311.290458
1494,1556755200,2738197899.7765226
1495,1556841600,2745553954.46966
1496,1556928000,2747875372.6845493
1497,1557014400,2759941852.471001
1498,1557100800,2758921434.256113
1499,1557187200,2768321314.6967325
1500,1557273600,2773268618.8046722
1501,1557360000,2795892046.230626
1502,1557446400,2814979193.1395774
1503,1557532800,2810011993.0808396
1504,1557619200,2823628958.1913996
1505,1557705600,2819133525.4589353
1506,1557792000,2831645070.278246
1507,1557878400,2833577548.27087
1508,1557964800,2839165379.2032843
1509,1558051200,2849844534.772668
1510,1558137600,2854221921.196194
1511,1558224000,2856112183.987292
1512,1558310400,2849753159.3539553
1513,1558396800,2846794904.007221
1514,1558483200,2842355047.50227
1515,1558569600,2838352268.1546125
1516,1558656000,2840766838.353488
1517,1558742400,2845564140.905408
1518,1558828800,2841522345.2904806
1519,1558915200,2837385884.2425265
1520,1559001600,2833273915.12687
1521,1559088000,2832790735.589017
1522,1559174400,2815125539.733839
1523,1559260800,2809717598.517175
1524,1559347200,2812430259.5284076
1525,1559433600,2804667371.467735
1526,1559520000,2796901548.984098
1527,1559606400,2804912072.5088196
1528,1559692800,2817134904.0066395
1529,1559779200,2835279849.7256303
1530,1559865600,2841464773.9195137
1531,1559952000,2843296084.3091135
1532,1560038400,2840169894.1358542
1533,1560124800,2838572586.793895
1534,1560211200,2827406380.6812325
1535,1560297600,2834942415.4599433
1536,1560384000,2828213618.3895288
1537,1560470400,2835321820.166761
1538,1560556800,2840908288.509061
1539,1560643200,2836639241.354703
1540,1560729600,2810059745.0432177
1541,1560816000,2826666809.550516
1542,1560902400,4309681997.539811
1543,1560988800,4314210665.518482
1544,1561075200,4303318876.430988
1545,1561161600,4294730659.527056
1546,1561248000,4293234608.231179
1547,1561334400,4284476279.270046
1548,1561420800,4282260195.8401966
1549,1561507200,4256708409.858792
1550,1561593600,4293255192.9945517
1551,1561680000,4294034879.754526
1552,1561766400,4312102498.83993
1553,1561852800,4289007589.393529
1554,1561939200,4296617352.244344
1555,1562025600,4311542814.546783
1556,1562112000,4325600990.143611
1557,1562198400,4318514526.040584
1558,1562284800,4309518619.209288
1559,1562371200,4336684294.706553
1560,1562457600,4330386153.446007
1561,1562544000,4305348855.301033
1562,1562630400,4293300746.092059
1563,1562716800,4311046600.966027
1564,1562803200,4322760882.3354025
1565,1562889600,4336988175.794747
1566,1562976000,4340488469.74006
1567,1563062400,4310944259.595263
1568,1563148800,4346061766.402164
1569,1563235200,4365346342.884692
1570,1563321600,4397590207.887369
1571,1563408000,4422353170.43492
1572,1563494400,4356404497.778333
1573,1563580800,4344205702.833485
1574,1563667200,4358016495.900245
1575,1563753600,4359254352.465971
1576,1563840000,4365931432.776917
1577,1563926400,4387176670.989727
1578,1564012800,4385895653.673965
1579,1564099200,4405570923.181125
1580,1564185600,4404448304.194108
1581,1564272000,4410336815.637192
1582,1564358400,4423677591.600126
1583,1564444800,4435055145.992881
1584,1564531200,4456801120.412859
1585,1564617600,4433832070.3978615
1586,1564704000,4435022096.735104
1587,1564790400,4433314492.34724
1588,1564876800,4444810069.199749
1589,1564963200,4429785114.501294
1590,1565049600,4431789699.095748
1591,1565136000,4426656103.782223
1592,1565222400,4421374917.702429
1593,1565308800,4374538222.719372
1594,1565395200,4387378077.698775
1595,1565481600,4388789619.414628
1596,1565568000,4380834403.118816
1597,1565654400,4369934120.748748
1598,1565740800,4364111594.817591
1599,1565827200,4364626728.165222
1600,1565913600,4370920002.920061
1601,1566000000,4376912847.694407
1602,1566086400,4368576857.749772
1603,1566172800,4383936594.749488
1604,1566259200,4361913749.843123
1605,1566345600,4396580281.890082
1606,1566432000,4397639792.993028
1607,1566518400,4398174454.274184
1608,1566604800,4394610425.408316
1609,1566691200,4397443799.207229
1610,1566777600,4379797088.6615
1611,1566864000,4377955268.943782
1612,1566950400,4383618399.610828
1613,1567036800,4406982589.53442
1614,1567123200,4423672925.73947
1615,1567209600,4421499865.325897
1616,1567296000,4415946344.776455
1617,1567382400,4411597699.860854
1618,1567468800,4437925333.79492
1619,1567555200,4416569859.6760025
1620,1567641600,4447963499.478666
1621,1567728000,4452075754.009324
1622,1567814400,4446644889.598795
1623,1567900800,4449603262.192408
1624,1567987200,4435070673.858544
1625,1568073600,4435691249.236013
1626,1568160000,4434482697.548015
1627,1568246400,4434688992.086575
1628,1568332800,4432661791.3262005
1629,1568419200,4429123945.726685
1630,1568505600,4426096165.328267
1631,1568592000,4413560162.722841
1632,1568678400,4403365148.851906
1633,1568764800,4381576735.769058
1634,1568851200,4387801020.329917
1635,1568937600,4372680380.5708475
1636,1569024000,4370227298.168609
1637,1569110400,4370561935.497142
1638,1569196800,4371299020.737133
1639,1569283200,4429497806.282034
1640,1569369600,4432118002.174988
1641,1569456000,4429807960.117532
1642,1569542400,4440330320.686145
1643,1569628800,4446346443.53662
1644,1569715200,4441073204.347317
1645,1569801600,4444094401.186766
1646,1569888000,4488026988.224803
1647,1569974400,4482924583.744733
1648,1570060800,4497685289.551836
1649,1570147200,4493623220.099986
1650,1570233600,4495971245.796912
1651,1570320000,4494878452.298772
1652,1570406400,4482973778.5130005
1653,1570492800,4477516929.721825
1654,1570579200,4482355591.873082
1655,1570665600,4477891731.578204
1656,1570752000,4475610280.296495
1657,1570838400,4481019330.809976
1658,1570924800,4485985195.62064
1659,1571011200,4479281391.699453
1660,1571097600,4482465600.893447
1661,1571184000,5208362555.725273
1662,1571270400,5209034832.001722
1663,1571356800,5206744539.659807
1664,1571443200,5209748881.970448
1665,1571529600,5212907542.5224085
1666,1571616000,5214764422.374438
1667,1571702400,5200904108.067991
1668,1571788800,5208929137.120798
1669,1571875200,5213292232.180917
1670,1571961600,5220661531.452427
1671,1572048000,5215997186.037515
1672,1572134400,5206060966.91229
1673,1572220800,5205591512.610716
1674,1572307200,5203581887.221118
1675,1572393600,5198329117.543049
1676,1572480000,5195306163.773999
1677,1572566400,5194076605.254191
1678,1572652800,5196952744.388633
1679,1572739200,5189379233.713048
1680,1572825600,5173867778.335669
1681,1572912000,5185715024.747803
1682,1572998400,5175307803.0576935
1683,1573084800,5174250234.270907
1684,1573171200,5147178972.399628
1685,1573257600,5154781261.214115
1686,1573344000,5149966843.642852
1687,1573430400,5151819228.544424
1688,1573516800,5153652141.323697
1689,1573603200,5140390133.968078
1690,1573689600,5129892747.658167
1691,1573776000,5130553591.797406
1692,1573862400,5142303892.3436165
1693,1573948800,5138817148.395009
1694,1574035200,5129989969.389148
1695,1574121600,5130312373.493567
1696,1574208000,5122211444.894812
1697,1574294400,5148345590.879073
1698,1574380800,5152578842.326378
1699,1574467200,5140480875.475294
1700,1574553600,5139954829.689132
1701,1574640000,5156714520.051009
1702,1574726400,5156441038.53473
1703,1574812800,5154477221.200877
1704,1574899200,5152724509.253006
1705,1574985600,5158490911.61175
1706,1575072000,5157848850.394798
1707,1575158400,5161326902.091081
1708,1575244800,5199347550.121527
1709,1575331200,5208389707.3189335
1710,1575417600,5208795520.865045
1711,1575504000,5198670035.49684
1712,1575590400,5209268978.206566
1713,1575676800,5200567420.897374
1714,1575763200,5201114380.306889
1715,1575849600,5227968636.939728
1716,1575936000,5223199793.86879
1717,1576022400,5213815149.088899
1718,1576108800,5220661590.0979185
1719,1576195200,5208831044.417954
1720,1576281600,5209876182.844095
1721,1576368000,5210493256.992714
1722,1576454400,5214387064.38984
1723,1576540800,5215539353.302548
1724,1576627200,5225446477.843755
1725,1576713600,5256622590.867048
1726,1576800000,5265988337.228412
1727,1576886400,5264688637.601168
1728,1576972800,5275396839.663538
1729,1577059200,5268883940.256183
1730,1577145600,5251391897.052199
1731,1577232000,5252039785.762402
1732,1577318400,5244971558.483635
1733,1577404800,5243765319.442507
1734,1577491200,5237716371.107884
1735,1577577600,5239651189.285957
1736,1577664000,5232899770.245172
1737,1577750400,5239727177.528191
1738,1577836800,5237165572.720442
1739,1577923200,5234822995.169983
1740,1578009600,5261245889.400538
1741,1578096000,5263048873.529209
1742,1578182400,5256056814.704416
1743,1578268800,5263642452.571589
1744,1578355200,5242723900.760422
1745,1578441600,5210300442.558165
1746,1578528000,5209945846.338374
1747,1578614400,5231715380.452912
1748,1578700800,5204626938.976751
1749,1578787200,5216042956.099375
1750,1578873600,5201853638.272085
1751,1578960000,5184423699.717388
1752,1579046400,5205890774.308792
1753,1579132800,5203237361.501491
1754,1579219200,5194421908.170771
1755,1579305600,5191354406.080242
1756,1579392000,5196474831.955839
1757,1579478400,5190721458.611047
1758,1579564800,5190510918.568802
1759,1579651200,5197588670.055017
1760,1579737600,5185525831.284865
1761,1579824000,5196646516.768939
1762,1579910400,5190939913.124244
1763,1579996800,5192425051.050232
1764,1580083200,5181833541.977462
1765,1580169600,5210894075.350196
1766,1580256000,5197117326.980687
1767,1580342400,5197917294.838929
1768,1580428800,5194944001.900468
1769,1580515200,5195421260.679086
1770,1580601600,5201003602.365712
1771,1580688000,5207241853.233233
1772,1580774400,5192342252.01914
1773,1580860800,5183644103.674985
1774,1580947200,5189899685.273638
1775,1581033600,5180531297.759206
1776,1581120000,5183907413.911151
1777,1581206400,5213421902.2989
1778,1581292800,5193713055.995435
1779,1581379200,5190355946.139353
1780,1581465600,5183727725.342431
1781,1581552000,5193831076.206468
1782,1581638400,5191547094.749219
1783,1581724800,5191490508.919718
1784,1581811200,5202430883.6294155
1785,1581897600,5211017450.477013
1786,1581984000,5195699729.2670555
1787,1582070400,5195986213.82849
1788,1582156800,5194550105.856434
1789,1582243200,5200191707.143084
1790,1582329600,5199666410.345282
1791,1582416000,5209508032.157285
1792,1582502400,5189063127.38933
1793,1582588800,5185937477.425746
1794,1582675200,5180221141.513857
1795,1582761600,5204032752.025169
1796,1582848000,5196091101.226362
1797,1582934400,5191679125.422424
1798,1583020800,5198349632.5204935
1799,1583107200,5199151059.865991
1800,1583193600,5212682600.488953
1801,1583280000,5213093649.610144
1802,1583366400,5195683983.279824
1803,1583452800,5209643728.862049
1804,1583539200,5208138519.0833235
1805,1583625600,5173374357.589752
1806,1583712000,5215784773.252579
1807,1583798400,5214936848.9789915
1808,1583884800,5242326014.136133
1809,1583971200,5260945057.996761
1810,1584057600,5349084722.840172
1811,1584144000,5293676447.895581
1812,1584230400,5360467558.427256
1813,1584316800,5377664897.451746
1814,1584403200,5388122029.298031
1815,1584489600,5324875044.736775
1816,1584576000,5405255954.640384
1817,1584662400,5449666061.289677
1818,1584748800,5400857450.232046
1819,1584835200,5426344773.978545
1820,1584921600,5443559875.593413
1821,1585008000,5462521640.517882
1822,1585094400,5487936067.57206
1823,1585180800,5474730899.374625
1824,1585267200,5448050956.058864
1825,1585353600,5462221100.2612505
1826,1585440000,5468980986.721906
1827,1585526400,5462072770.256185
1828,1585612800,5449142442.205555
1829,1585699200,5472968946.818738
1830,1585785600,7483527830.238371
1831,1585872000,7524699881.224531
1832,1585958400,7520159625.148515
1833,1586044800,7535563763.435929
1834,1586131200,7509149655.408449
1835,1586217600,7511640350.236829
1836,1586304000,7531429470.053037
1837,1586390400,7542594066.643817
1838,1586476800,7548731679.494703
1839,1586563200,7548880452.125234
1840,1586649600,7559678763.725952
1841,1586736000,7551849103.420064
1842,1586822400,7576151032.185327
1843,1586908800,7557829354.239742
1844,1586995200,7580180916.710033
1845,1587081600,7556830047.916019
1846,1587168000,7555825168.361969
1847,1587254400,7579515314.887394
1848,1587340800,7594967857.269251
1849,1587427200,7575542883.07446
1850,1587513600,8356418924.259985
1851,1587600000,8325342261.518208
1852,1587686400,8354945979.627399
1853,1587772800,8375343000.281462
1854,1587859200,8391041719.468279
1855,1587945600,8401085445.317301
1856,1588032000,8368118454.1705
1857,1588118400,8918329535.30419
1858,1588204800,8924705402.767849
1859,1588291200,8998567185.585957
1860,1588377600,9010561997.991707
1861,1588464000,9034236426.586437
1862,1588550400,9013210833.111502
1863,1588636800,9092761528.71721
1864,1588723200,9157741795.144869
1865,1588809600,9318765750.991749
1866,1588896000,9393647414.940102
1867,1588982400,9552283706.270111
1868,1589068800,9728353440.942791
1869,1589155200,9736249043.393263
1870,1589241600,9888841556.235699
1871,1589328000,9908272271.166868
1872,1589414400,10035421499.206728
1873,1589500800,10099848906.091581
1874,1589587200,10120205761.014866
1875,1589673600,10213505683.316586
1876,1589760000,10189033428.584452
1877,1589846400,10164157532.369152
1878,1589932800,10199132041.54448
1879,1590019200,10179271733.310867
1880,1590105600,10152662684.337215
1881,1590192000,10159685593.802307
1882,1590278400,10220719315.663677
1883,1590364800,10263362987.473412
1884,1590451200,10254912789.014688
1885,1590537600,10272653767.553087
1886,1590624000,10295984139.851545
1887,1590710400,10304607445.177563
1888,1590796800,10370839886.62625
1889,1590883200,10339270367.472866
1890,1590969600,10375637288.059196
1891,1591056000,10462722044.27336
1892,1591142400,10478626074.395052
1893,1591228800,10525533415.85466
1894,1591315200,10527585314.906633
1895,1591401600,10544524717.879202
1896,1591488000,10569793351.582775
1897,1591574400,10603719821.277271
1898,1591660800,10609402931.992231
1899,1591747200,10660749147.518976
1900,1591833600,10692283114.668264
1901,1591920000,10740672160.477968
1902,1592006400,10746239669.699848
1903,1592092800,10753674893.382845
1904,1592179200,10785761235.552803
1905,1592265600,10838311937.200699
1906,1592352000,10877100250.982445
1907,1592438400,10930768785.549597
1908,1592524800,11015976823.385916
1909,1592611200,11063280395.720705
1910,1592697600,11084194797.96349
1911,1592784000,11118360369.416355
1912,1592870400,11079724829.441597
1913,1592956800,11088153849.57755
1914,1593043200,11070146007.387304
1915,1593129600,11116936900.343664
1916,1593216000,11159334390.958061
1917,1593302400,11157776907.046453
1918,1593388800,11139142901.759417
1919,1593475200,11156182776.88206
1920,1593561600,11198840645.591974
1921,1593648000,11200594969.315329
1922,1593734400,11261634163.369902
1923,1593820800,11326985838.433167
1924,1593907200,11337872948.998022
1925,1593993600,11355715090.102682
1926,1594080000,11387167809.925383
1927,1594166400,11422298795.313538
1928,1594252800,11465441114.117916
1929,1594339200,11505480817.220268
1930,1594425600,11543994905.919088
1931,1594512000,11536751331.238365
1932,1594598400,11561286772.793535
1933,1594684800,11555719609.942741
1934,1594771200,11573496758.904022
1935,1594857600,11584072485.117123
1936,1594944000,11593459812.454138
1937,1595030400,11631897393.510588
1938,1595116800,11700907885.56498
1939,1595203200,11683472540.910065
1940,1595289600,11712276405.933094
1941,1595376000,11832440258.304943
1942,1595462400,11945355898.86721
1943,1595548800,12084521326.86418
1944,1595635200,12103035173.022795
1945,1595721600,12183562271.988935
1946,1595808000,12096358990.878517
1947,1595894400,12420119893.658802
1948,1595980800,12591157205.639809
1949,1596067200,12684374050.126919
1950,1596153600,12726591809.354591
1951,1596240000,12908963715.690456
1952,1596326400,13036449600.705563
1953,1596412800,13083678167.754866
1954,1596499200,13146419757.605806
1955,1596585600,13230925358.419174
1956,1596672000,13322020384.540903
1957,1596758400,13503551438.349945
1958,1596844800,13630386931.168146
1959,1596931200,13700360227.828138
1960,1597017600,13751596580.678297
1961,1597104000,13916449923.73201
1962,1597190400,13988115746.531803
1963,1597276800,14116758050.024937
1964,1597363200,14435647379.718
1965,1597449600,14426874723.110151
1966,1597536000,14499470609.933718
1967,1597622400,14643305748.505896
1968,1597708800,14899369917.143555
1969,1597795200,14937455094.044823
1970,1597881600,15048792830.228815
1971,1597968000,15173131402.010904
1972,1598054400,15284914277.249184
1973,1598140800,15337955855.53904
1974,1598227200,15377885756.911201
1975,1598313600,15417573310.09712
1976,1598400000,15441225748.354923
1977,1598486400,15616235098.134693
1978,1598572800,15732332525.021114
1979,1598659200,15949106563.995134
1980,1598745600,15993619000.86755
1981,1598832000,15952163550.732635
1982,1598918400,16136087219.278217
1983,1599004800,16348741828.40578
1984,1599091200,16494478547.646288
1985,1599177600,16778367113.97578
1986,1599264000,17051137729.579876
1987,1599350400,17110975046.68884
1988,1599436800,17160231641.133364
